session_id,timestamp_ms,video_timestamp_ms,video_available,label,video_feature_0,video_feature_1,session_id_audio,audio_timestamp_ms,audio_available,label_audio,audio_feature_0,audio_feature_1,session_id_context,context_timestamp_ms,context_available,label_context,context_feature_0,context_feature_1,session_id_phys,phys_timestamp_ms,phys_available,label_phys,phys_feature_0,phys_feature_1,alignment_error_audio_ms,alignment_error_context_ms,alignment_error_phys_ms
session_A,-18.71971391232892,13.50812152451623,1,happy,0.9405647163912139,-1.9510351886538364,session_A,-17.191998331514963,1,happy,-0.9265331111571506,1.484918786733851,session_A,7.634786632733579,1,happy,0.49527294606859795,0.14563031434388482,session_A,-10.285042409412696,1,happy,-0.21714361307631405,0.27734417972021486,1.5277155808139575,26.3545005450625,8.434671502916224
session_A,102.30112725701113,94.30763333781552,1,happy,-0.016801157504288795,-0.85304392757358,session_A,73.19328217021334,1,happy,0.42022670947458574,-0.10239670661109637,session_A,206.8576828284529,1,happy,-1.112044254359201,0.8353769939022309,session_A,-10.285042409412696,1,happy,-0.21714361307631405,0.27734417972021486,29.107845086797795,104.55655557144178,112.58616966642383
session_A,214.00025483772106,201.18855255610188,1,happy,1.1272412069680329,0.4675093422520456,session_A,233.15291544633507,1,happy,-0.18595667718604886,-0.713553981370355,session_A,206.8576828284529,1,happy,-1.112044254359201,0.8353769939022309,,,0,,,,19.152660608614013,7.14257200926815,120.0
session_A,306.637514113485,282.74011318507803,1,happy,0.8784503013072725,-0.049925910986252896,session_A,294.6513384802745,1,happy,-2.2497837779516074,-1.1953589742981028,session_A,398.5902955283042,1,happy,0.4003099083096733,-2.861518370100673,session_A,394.1700611633593,1,happy,0.6203723939313579,0.44222206203659953,11.986175633210507,91.95278141481919,87.53254704987432
session_A,387.74326820072906,422.00574409613256,1,happy,-0.15452948206880215,-0.4283278221631072,session_A,418.06789267249644,1,happy,0.4109825769008753,0.7825588257151592,session_A,398.5902955283042,1,happy,0.4003099083096733,-2.861518370100673,session_A,394.1700611633593,1,happy,0.6203723939313579,0.44222206203659953,30.32462447176738,10.84702732757512,6.426792962630259
session_A,509.58156533996026,506.5779931585534,1,happy,0.4127326115959884,0.43082100300788273,session_A,490.20199927704084,0,happy,-0.5766472922336929,0.5595403706161663,session_A,599.5949750955441,1,happy,0.7065325128978275,-0.07476892156472781,session_A,394.1700611633593,1,happy,0.6203723939313579,0.44222206203659953,19.379566062919423,90.01340975558384,115.41150417660094
session_A,592.6845297050769,590.7796308767123,1,happy,-0.8137727282478777,0.6159794225754956,session_A,640.3721947785654,1,happy,0.5705370361384854,0.6181907146653008,session_A,599.5949750955441,1,happy,0.7065325128978275,-0.07476892156472781,,,0,,,,47.68766507348846,6.910445390467203,120.0
session_A,697.9489457622122,684.8771834146745,1,happy,-0.8244812156912396,0.6505927878247011,session_A,705.9819199414084,1,happy,1.6835862095380225,-0.5309765045557148,session_A,599.5949750955441,1,happy,0.7065325128978275,-0.07476892156472781,session_A,801.5154079576527,1,happy,0.5502537430336992,2.0617991527316084,8.032974179196117,98.35397066666815,103.56646219544041
session_A,809.7767768294935,788.0208252688035,1,happy,0.23216132306671977,0.11668580914072822,session_A,794.2299087016024,1,happy,-1.8076968597749328,-0.1715645102163482,session_A,800.5404438726466,1,happy,0.11493391158101274,0.16191936728506806,session_A,801.5154079576527,1,happy,0.5502537430336992,2.0617991527316084,15.546868127891116,9.236332956846923,8.261368871840887
session_A,915.6857180030674,904.0247198779443,1,happy,0.6789135630718949,0.06757906948889146,session_A,901.2350971999495,1,happy,-0.7969109892966902,0.30197074251927114,session_A,1001.4056036493188,1,happy,1.289929698618241,-1.7346114969371953,,,0,,,,14.450620803118,85.71988564625133,120.0
session_A,1011.3631880650937,973.771195242598,1,happy,-0.31967121635730134,-0.4703726542927955,session_A,1041.363787781409,1,sad,0.7957780097442332,-0.4471576573299467,session_A,1001.4056036493188,1,happy,1.289929698618241,-1.7346114969371953,,,0,,,,30.000599716315264,9.957584415774932,120.0
session_A,1095.0474394779196,1126.908943602219,1,happy,-0.8658311156932432,0.9682783545914808,session_A,1108.295200392159,1,sad,0.6620815345817527,0.6502490055783642,session_A,1197.034316924215,1,happy,-0.904807503214422,-0.16955071570044408,session_A,1230.8851219486028,1,happy,0.5159584767678441,0.4846435113117023,13.24776091423928,101.98687744629547,135.83768247068315
session_A,1193.972069460256,1202.9295551718901,1,sad,0.5862223313592781,0.711226579792855,session_A,1220.2908272173083,1,sad,-0.37494468984913537,0.37305231843417824,session_A,1197.034316924215,1,happy,-0.904807503214422,-0.16955071570044408,session_A,1230.8851219486028,1,happy,0.5159584767678441,0.4846435113117023,26.318757757052254,3.062247463959011,36.91305248834669
session_A,1293.7229486995282,1291.677667732038,1,sad,0.8579758812571538,-0.1913043248816149,session_A,1271.6035077123358,1,sad,1.620070309136051,0.3636981503429628,session_A,1390.6431199801693,1,happy,-1.3019345701635046,1.727418286628101,session_A,1230.8851219486028,1,happy,0.5159584767678441,0.4846435113117023,22.11944098719232,96.92017128064117,62.83782675092539
session_A,1379.6008301479374,1383.449858851971,1,sad,0.49716074405376404,0.14242573607056525,session_A,1329.6113842628642,0,sad,-2.0141025948652898,0.7958386552197739,session_A,1390.6431199801693,1,happy,-1.3019345701635046,1.727418286628101,,,0,,,,49.98944588507311,11.042289832231972,120.0
session_A,1492.3094523659424,1502.8537144393808,1,sad,0.6255903939673367,-0.3093465397202384,session_A,1513.853245258531,1,sad,-0.39457285186939384,-2.1291978892000176,session_A,1390.6431199801693,1,happy,-1.3019345701635046,1.727418286628101,session_A,1595.5609836358124,1,happy,-0.506169266692334,0.6476139772195617,21.5437928925885,101.6663323857731,103.25153126986993
session_A,1588.0853330608002,1593.4650307618288,1,sad,-0.3817378939983291,-1.1958396455890397,session_A,1577.9413294196113,1,sad,-0.661416892306816,-1.157464632233422,session_A,1596.77773647115,1,happy,-0.9444228784030915,-0.2351506466144354,session_A,1595.5609836358124,1,happy,-0.506169266692334,0.6476139772195617,10.144003641188874,8.692403410349925,7.475650575012196
session_A,1691.5507578763509,1700.2248941370983,1,sad,0.48074665890590895,0.4465311760299441,session_A,1650.8183698301614,1,sad,0.614270438357064,0.7538550699336822,session_A,1596.77773647115,1,happy,-0.9444228784030915,-0.2351506466144354,session_A,1595.5609836358124,1,happy,-0.506169266692334,0.6476139772195617,40.7323880461895,94.77302140520078,95.98977424053851
session_A,1798.2272612788304,1792.3806303832052,1,sad,-0.07971821090639905,-1.6873344339580298,session_A,1851.2639842221877,1,sad,-0.6751139521434614,0.40395402073561154,session_A,1793.1764974576618,1,happy,0.6475741030616857,-0.8315227726663764,,,0,,,,53.03672294335729,5.05076382116863,120.0
session_A,1876.1914069776208,1882.0495571031734,1,sad,0.3997742267234366,-0.9054790553600608,session_A,1851.2639842221877,1,sad,-0.6751139521434614,0.40395402073561154,session_A,1793.1764974576618,1,happy,0.6475741030616857,-0.8315227726663764,,,0,,,,24.9274227554331,83.01490951995902,120.0
session_A,2023.3861093601492,1993.5872485208943,1,sad,0.7375155684670865,-0.933617680009877,session_A,1992.1494417027716,1,neutral,-0.022247794849210738,-1.5628843453398495,session_A,2009.2807427731484,1,happy,1.0460522510478993,-0.46986524921957273,session_A,2010.8745462014847,1,happy,0.8631507387041388,-0.16172100304124704,31.236667657377666,14.105366587000844,12.511563158664558
session_A,2082.8996030116095,2093.89740463379,1,sad,0.8403081374573955,-1.7273204231923487,session_A,2084.101073528962,0,neutral,-1.588897564178725,-0.12380929432965958,session_A,2009.2807427731484,1,happy,1.0460522510478993,-0.46986524921957273,session_A,2010.8745462014847,1,happy,0.8631507387041388,-0.16172100304124704,1.2014705173523907,73.61886023846114,72.02505681012485
session_A,2204.279240841981,2189.3053007974577,1,sad,-1.4460578543884546,0.07212950771386951,session_A,2246.559738899087,1,neutral,0.6578880104331793,2.710745527218326,session_A,2203.131968298785,1,happy,-0.3936374712970443,-1.6190718201181646,,,0,,,,42.28049805710589,1.147272543195868,120.0
session_A,2304.1881718043846,2300.393338619422,1,sad,1.6017788913209154,-0.23935562747302427,session_A,2325.98914957546,1,neutral,0.4389910293888949,-0.5267153919462082,session_A,2203.131968298785,1,happy,-0.3936374712970443,-1.6190718201181646,session_A,2407.7389118090987,1,happy,-1.6062568182953822,-0.3131539389082808,21.800977771075395,101.05620350559957,103.55074000471404
session_A,2403.2269614292136,2403.9599403114917,1,neutral,1.3591875752404365,0.8351112459145785,session_A,2404.5758085854322,1,neutral,-0.7322853814020757,0.9159303022795986,session_A,2390.4192936877266,1,sad,0.638759381675977,0.33154169513369264,session_A,2407.7389118090987,1,happy,-1.6062568182953822,-0.3131539389082808,1.3488471562186533,12.807667741486966,4.511950379885093
session_A,2526.339452041952,2478.6022650221885,1,neutral,-0.6397515327497477,-0.9265759414055249,session_A,2554.7330305470314,1,neutral,-0.507105280428242,-0.41033997334510935,session_A,2594.4442780645973,1,sad,-1.616959400164946,-0.5335195256828793,session_A,2407.7389118090987,1,happy,-1.6062568182953822,-0.3131539389082808,28.393578505079404,68.10482602264528,118.60054023285329
session_A,2575.2196493439865,2611.432717042659,1,neutral,-0.22222269709877338,-1.4708062945026579,session_A,2554.7330305470314,1,neutral,-0.507105280428242,-0.41033997334510935,session_A,2594.4442780645973,1,sad,-1.616959400164946,-0.5335195256828793,,,0,,,,20.4866187969551,19.22462872061078,120.0
session_A,2705.6432492541035,2715.086278222099,1,neutral,1.9967308916917865,2.9138624660073296,session_A,2704.222169257188,1,neutral,1.328631066849436,1.245634960171873,session_A,2794.4476534091386,1,sad,-1.8213503419246384,1.752647554550939,session_A,2809.1010149493977,1,happy,0.2839060011754735,0.585247531358856,1.4210799969155232,88.80440415503517,103.45776569529426
session_A,2782.1883138394264,2761.6231669468366,1,neutral,0.2677114623438358,-0.812941095310326,session_A,2811.6076949949247,1,neutral,0.4048550876357089,-1.6052712471325676,session_A,2794.4476534091386,1,sad,-1.8213503419246384,1.752647554550939,session_A,2809.1010149493977,1,happy,0.2839060011754735,0.585247531358856,29.419381155498286,12.25933956971221,26.912701109971294
session_A,2888.9822576169236,2897.4657640445052,1,neutral,1.0659802307876436,0.15704856744534462,session_A,2887.785053833524,1,fear,0.17726136694885572,0.2912314168473797,session_A,2794.4476534091386,1,sad,-1.8213503419246384,1.752647554550939,session_A,2809.1010149493977,1,happy,0.2839060011754735,0.585247531358856,1.1972037833993454,94.53460420778492,79.88124266752584
session_A,2981.3582324491354,2969.8557069953217,1,neutral,-0.4863079090733309,-0.05378255081832049,session_A,2919.861230647042,1,fear,-0.317438554837682,-0.16465102754395128,session_A,3007.741803094236,1,sad,0.5767083615434017,-0.24432885517952907,,,0,,,,61.497001802093564,26.383570645100463,120.0
session_A,3102.344941386512,3117.689311198415,1,neutral,-0.49929559853915206,-1.1849437664170246,session_A,3140.6835108783803,1,fear,-0.542557820111825,0.46221248901062467,session_A,3221.07792603532,1,sad,0.5559120312994426,-0.46380044135143456,session_A,3197.3873560895877,1,happy,0.018991186640108272,-0.034679250018589874,38.338569491868384,118.73298464880827,95.04241470307579
session_A,3186.9459308383566,3238.3124551838328,0,neutral,-0.8213866792243861,0.838489203736345,session_A,3208.437134248291,1,fear,-0.18249984265026167,0.5755465099998948,session_A,3221.07792603532,1,sad,0.5559120312994426,-0.46380044135143456,session_A,3197.3873560895877,1,happy,0.018991186640108272,-0.034679250018589874,21.491203409934315,34.131995196963544,10.441425251231067
session_A,3316.7683142317364,3306.9291173899055,1,neutral,-0.1566378976580904,-0.040762526135434025,session_A,3275.46421314305,1,fear,-0.2040695150484347,-0.49165561496548443,session_A,3412.036053748714,1,sad,-0.6610690958071401,0.5010854326224657,,,0,,,,41.304101088686366,95.2677395169776,120.0
session_A,3408.0292996266776,3391.8102973538657,1,neutral,-1.2256057637672482,-1.2779375743196193,session_A,3471.2162457797335,1,fear,-1.5679304164304986,1.2609373235629844,session_A,3412.036053748714,1,sad,-0.6610690958071401,0.5010854326224657,,,0,,,,63.18694615305594,4.006754122036455,120.0
session_A,3528.423642615388,3502.879849044322,1,neutral,-0.11863832610988256,0.2858261396025429,session_A,3551.2098305477834,1,fear,0.9954902829453182,0.9711390068229115,session_A,3600.7557599345573,1,sad,0.010802084856015158,-0.056441096887107134,session_A,3600.5620565308914,0,happy,-0.281369991905701,-0.24682379551158573,22.786187932395478,72.33211731916936,72.1384139155034
session_A,3603.9488850245493,3592.6033098449925,1,fear,1.1062887100598888,0.4287564384616135,session_A,3597.0682764214453,1,fear,0.3905305963195172,1.4011862750338961,session_A,3600.7557599345573,1,sad,0.010802084856015158,-0.056441096887107134,session_A,3600.5620565308914,0,happy,-0.281369991905701,-0.24682379551158573,6.880608603104065,3.1931250899920087,3.3868284936579585
session_A,3703.298219869994,3677.959557429031,1,fear,-1.368159199245665,1.6509279322312496,session_A,3691.54197887339,1,fear,0.9211507463947922,0.6546595284477861,session_A,3811.8367229892074,1,sad,-0.10853663268515668,-0.7857962693827731,session_A,3600.5620565308914,0,happy,-0.281369991905701,-0.24682379551158573,11.756240996604447,108.53850311921315,102.73616333910286
session_A,3796.7686541609132,3793.102628219552,1,fear,1.4614442922422022,-1.107045682043488,session_A,3746.994151660172,1,fear,-0.8681934306407798,-1.635463248457858,session_A,3811.8367229892074,1,sad,-0.10853663268515668,-0.7857962693827731,,,0,,,,49.774502500741164,15.068068828294145,120.0
session_A,3911.579882304403,3892.8971077885276,1,fear,-0.005121866720071296,-0.16344289852451258,session_A,3925.048283487196,1,happy,-1.3906854299752562,1.4387054823592311,session_A,4005.404853065316,1,sad,0.5603291782322569,-0.25752119890979147,session_A,3983.719577860488,1,happy,-0.3481697908366748,0.7641144055017897,13.468401182793059,93.82497076091295,72.13969555608492
session_A,4025.334673503647,4001.6305283242314,0,fear,0.6439387932768579,-2.0501721010310225,session_A,4032.5609170863436,1,happy,1.5164401005894037,-0.3065656212870578,session_A,4005.404853065316,1,sad,0.5603291782322569,-0.25752119890979147,session_A,3983.719577860488,1,happy,-0.3481697908366748,0.7641144055017897,7.2262435826964975,19.929820438331262,41.61509564315929
session_A,4084.821855134728,4078.0613649123748,1,fear,-0.8781523669287508,-0.33412344070081207,session_A,4087.1385754786716,1,happy,-0.10522413425087113,-0.39524414500347166,session_A,4005.404853065316,1,sad,0.5603291782322569,-0.25752119890979147,session_A,3983.719577860488,1,happy,-0.3481697908366748,0.7641144055017897,2.316720343943416,79.41700206941232,101.10227727424035
session_A,4176.124931080688,4200.5513668667,1,fear,-0.4841694333335785,-0.32767309436196085,session_A,4192.194247302523,1,happy,0.09074256375217302,1.7853183942247275,session_A,4197.923087749234,1,sad,0.9698044873917454,0.8742776789190644,,,0,,,,16.069316221834924,21.798156668545744,120.0
session_A,4309.68607786607,4324.073165933969,1,fear,-0.15450567924990047,-0.695942611670703,session_A,4301.990493308828,1,happy,-1.360258366289327,-1.4271364021862412,session_A,4400.869617222507,1,sad,1.7261323746695099,-1.9155651644689942,session_A,4385.317362401312,1,happy,-0.23236723937677117,0.2566343810815294,7.695584557242,91.183539356437,75.63128453524132
session_A,4404.364942242882,4403.178320452167,0,fear,-1.0843880722333665,0.09048978162787422,session_A,4415.750614903913,1,happy,-0.013415786924808768,-2.2604147573378524,session_A,4400.869617222507,1,sad,1.7261323746695099,-1.9155651644689942,session_A,4385.317362401312,1,happy,-0.23236723937677117,0.2566343810815294,11.385672661031094,3.4953250203743664,19.04757984157004
session_A,4545.31453267561,4533.78320300307,1,fear,-0.8532433505588201,-0.2873833615491761,session_A,4567.88638302923,1,happy,0.11458443702387822,0.32994353865726456,session_A,4594.925352051796,1,sad,-0.3644284180642414,-0.4205083434368909,,,0,,,,22.571850353619993,49.610819376185646,120.0
session_A,4589.367273748658,4605.6808900646265,1,fear,1.2058536208882336,-0.7290838377436085,session_A,4567.88638302923,1,happy,0.11458443702387822,0.32994353865726456,session_A,4594.925352051796,1,sad,-0.3644284180642414,-0.4205083434368909,,,0,,,,21.480890719427407,5.558078303138245,120.0
session_A,4661.348797464704,4697.072013430192,1,fear,-1.062414411859563,-0.5294394273660737,session_A,4652.292820104715,1,happy,-1.3730030168855392,0.3283679728315381,session_A,4594.925352051796,1,sad,-0.3644284180642414,-0.4205083434368909,,,0,,,,9.055977359988901,66.42344541290822,120.0
session_A,4820.229493154267,4798.303274023454,1,happy,-1.7577283913566313,-1.4670452453909906,session_A,4804.519164497306,0,sad,-1.1500854941523635,0.7119770229910514,session_A,4795.717955466956,1,neutral,-1.4624573848541527,0.7798696125227764,session_A,4790.829510535393,1,sad,0.06494308755074261,0.420322829776129,15.710328656961792,24.51153768731183,29.399982618874674
session_A,4876.826393537068,4880.257859587817,1,happy,1.836913528321314,2.905067169240407,session_A,4871.255552284987,1,sad,1.3251467288748389,0.33028994561659186,session_A,4795.717955466956,1,neutral,-1.4624573848541527,0.7798696125227764,session_A,4790.829510535393,1,sad,0.06494308755074261,0.420322829776129,5.570841252080754,81.10843807011224,85.99688300167509
session_A,4993.371518777815,5006.14799991693,1,happy,1.7286976444055924,-0.9868570784282374,session_A,4930.499307137385,1,sad,-0.043133589640907445,1.9975141778047627,session_A,4987.674124029887,1,neutral,0.29891815258415083,0.6759788558069234,,,0,,,,62.87221164043058,5.697394747928229,120.0
session_A,5113.992076369112,5107.825789340399,1,happy,-0.37615607123009925,-0.13382296451604114,session_A,5109.991728133435,1,sad,1.3120252622199142,-0.3151743898852239,session_A,5199.069866837517,1,neutral,1.8421506585682637,1.924496037012573,session_A,5196.548431327571,1,sad,-2.7038176800733402,-0.6214619675777742,4.000348235676938,85.07779046840551,82.55635495845945
session_A,5195.712872608456,5195.205025179839,1,happy,0.23216988962625595,-0.555327218819016,session_A,5161.504535725172,1,sad,-0.23412553728291255,-0.18838412726438336,session_A,5199.069866837517,1,neutral,1.8421506585682637,1.924496037012573,session_A,5196.548431327571,1,sad,-2.7038176800733402,-0.6214619675777742,34.208336883283664,3.3569942290614563,0.8355587191153973
session_A,5318.2288847207565,5302.7977278980325,1,happy,0.35175640839920347,0.053155347577867364,session_A,5296.779277711234,1,sad,-0.1703884233561112,-2.134693667476856,session_A,5392.678194230773,1,neutral,0.9806732943274258,0.9704979808637308,,,0,,,,21.44960700952288,74.44930951001697,120.0
session_A,5387.011955396229,5405.696896710119,1,happy,-0.09728659841348947,2.093168308930595,session_A,5364.331481982197,1,sad,0.9814797493081158,-1.16482809646104,session_A,5392.678194230773,1,neutral,0.9806732943274258,0.9704979808637308,,,0,,,,22.68047341403144,5.666238834544856,120.0
session_A,5506.945237946017,5486.264970225494,1,happy,-1.112411471983418,1.191142953088865,session_A,5531.758916471859,1,sad,0.2369553887192461,-0.10495815600017268,session_A,5392.678194230773,1,neutral,0.9806732943274258,0.9704979808637308,session_A,5601.656121502327,1,sad,-0.05594543204526823,-2.2592138775776114,24.81367852584208,114.26704371524374,94.71088355630945
session_A,5608.642581261049,5568.597452234465,1,happy,0.9274384815581808,0.45442033821436295,session_A,5575.0696664941115,1,sad,-0.8032400919517051,0.5511917287016942,session_A,5599.139730045871,1,neutral,0.5543300046323907,0.2306723023806257,session_A,5601.656121502327,1,sad,-0.05594543204526823,-2.2592138775776114,33.572914766937174,9.502851215177543,6.986459758722049
session_A,5691.512553465901,5704.746909678417,1,happy,0.05246679835624363,-0.292171185803555,session_A,5669.8592047282855,1,sad,-0.5817213492022466,-0.365469594114225,session_A,5599.139730045871,1,neutral,0.5543300046323907,0.2306723023806257,session_A,5601.656121502327,1,sad,-0.05594543204526823,-2.2592138775776114,21.653348737615488,92.37282342002982,89.85643196357432
session_A,5795.464407192276,5802.746125217845,1,happy,1.471491972993157,-2.5666584409312976,session_A,5841.958940368548,1,neutral,-0.8165751074555749,-1.146832082167441,session_A,5798.65700744459,1,neutral,1.0960642330571804,0.5803959648586033,,,0,,,,46.49453317627194,3.1926002523141506,120.0
session_A,5903.177223584704,5905.327891814368,1,happy,-0.37191458132128985,-1.7567217824785826,session_A,5903.711366802908,1,neutral,0.16205955906287475,0.7297156737837084,session_A,5991.637897748812,1,neutral,-0.5677221432527015,-0.6208213856805886,session_A,6004.856889591905,1,sad,-1.2818512477286654,0.03000653853094012,0.534143218204008,88.46067416410824,101.67966600720138
session_A,6031.092303854955,5972.39049471151,1,sad,0.8638280136981883,-0.3285252231228939,session_A,5996.920898866271,1,neutral,0.3415086855368029,-0.012938768103588062,session_A,5991.637897748812,1,neutral,-0.5677221432527015,-0.6208213856805886,session_A,6004.856889591905,1,sad,-1.2818512477286654,0.03000653853094012,34.17140498868412,39.454406106143324,26.23541426305019
session_A,6081.047826807329,6093.9797888975945,1,sad,1.3000445946989585,0.582655241987707,session_A,6080.41193005819,1,neutral,1.0287809197455093,-2.214187371043003,session_A,5991.637897748812,1,neutral,-0.5677221432527015,-0.6208213856805886,session_A,6004.856889591905,1,sad,-1.2818512477286654,0.03000653853094012,0.635896749139647,89.40992905851726,76.19093721542413
session_A,6221.193414001598,6207.903560220732,1,sad,1.743934526167792,0.43899315873829875,session_A,6207.1791936821355,1,neutral,0.9427658012252752,-0.9849949277244419,session_A,6198.758957683741,1,neutral,1.4309190188243524,1.3684693937651298,,,0,,,,14.014220319462765,22.43445631785744,120.0
session_A,6294.661722836376,6301.197824685466,1,sad,-0.6974238233002769,0.989583934594853,session_A,6300.260424156826,1,neutral,-0.17383770009461635,-0.7295771941356465,session_A,6198.758957683741,1,neutral,1.4309190188243524,1.3684693937651298,session_A,6401.246972776514,1,sad,-0.25516417502145444,-1.5362723140442447,5.5987013204503455,95.90276515263486,106.58524994013806
session_A,6414.082306163518,6396.568280964907,1,sad,1.1712470934673194,0.7508689887312598,session_A,6404.491895048544,1,neutral,0.2386007909284437,1.5777682049318862,session_A,6412.603013195484,1,neutral,-0.06101735102840823,0.1261651964309746,session_A,6401.246972776514,1,sad,-0.25516417502145444,-1.5362723140442447,9.590411114973904,1.479292968034315,12.835333387004539
session_A,6513.153944440495,6471.703275398242,1,sad,-0.06695317289820084,-1.172007192594816,session_A,6495.857657487274,1,neutral,1.2645398093380364,-1.4217636493445729,session_A,6588.250884557478,1,neutral,0.6328683235572881,-0.7834010538966204,session_A,6401.246972776514,1,sad,-0.25516417502145444,-1.5362723140442447,17.29628695322117,75.0969401169823,111.9069716639815
session_A,6627.202111798981,6611.475608596159,1,sad,-0.6989304285787463,-1.013717366440399,session_A,6636.4667622502175,1,neutral,-0.04257862104444418,0.07859870611503737,session_A,6588.250884557478,1,neutral,0.6328683235572881,-0.7834010538966204,,,0,,,,9.264650451236776,38.95122724150315,120.0
session_A,6678.10191731114,6687.919475006862,1,sad,0.31200947155124387,1.1553120361066962,session_A,6636.4667622502175,1,neutral,-0.04257862104444418,0.07859870611503737,session_A,6588.250884557478,1,neutral,0.6328683235572881,-0.7834010538966204,session_A,6799.917201160704,1,sad,-0.608247947199117,0.6252119305794656,41.63515506092244,89.85103275366237,121.81528384956437
session_A,6758.756788845234,6805.478601122545,1,sad,0.07203357323257792,0.41389028537269307,session_A,6760.799425077816,1,fear,-1.7769866393260751,0.3240125241899799,session_A,6789.940940200149,1,neutral,0.5101387156134412,1.5293134789672953,session_A,6799.917201160704,1,sad,-0.608247947199117,0.6252119305794656,2.0426362325815717,31.18415135491523,41.16041231547024
session_A,6862.861711017515,6889.36013834656,1,sad,0.5909063227933546,-1.5815943994539423,session_A,6847.179829486959,1,fear,1.5904522979160232,0.3750621518923401,session_A,6789.940940200149,1,neutral,0.5101387156134412,1.5293134789672953,session_A,6799.917201160704,1,sad,-0.608247947199117,0.6252119305794656,15.681881530555984,72.92077081736534,62.94450985681033
session_A,7006.630419028612,7015.238511745181,1,sad,-0.5709436615217945,0.8137636899662105,session_A,7015.28691558576,1,fear,0.9738190717173091,0.008281909957927018,session_A,6985.25162066033,1,neutral,-0.6775115456917667,-1.073615729137567,,,0,,,,8.656496557147875,21.378798368281423,120.0
session_A,7104.191804362469,7104.219216068576,1,sad,0.2703432392817259,-0.8633452647393817,session_A,7127.042681357276,1,fear,-2.414107851031037,0.6483940112387127,session_A,7182.057379027116,1,fear,-1.3221959660874487,-0.537193794013418,session_A,7197.219037070121,1,sad,0.22585983631655238,0.3248847188245844,22.85087699480664,77.86557466464728,93.02723270765182
session_A,7197.254594415857,7206.901089558363,1,neutral,0.9998242469102946,-1.0585360819784093,session_A,7198.331636277409,1,fear,1.1695381472938837,-0.17865516901389017,session_A,7182.057379027116,1,fear,-1.3221959660874487,-0.537193794013418,session_A,7197.219037070121,1,sad,0.22585983631655238,0.3248847188245844,1.0770418615520612,15.197215388740915,0.03555734573637892
session_A,7326.666199857861,7286.615411881374,1,neutral,-0.8222500172903203,0.20230619183119358,session_A,7365.438638811922,1,fear,-1.7598157076954657,0.7517964658354561,session_A,7402.4446415352195,1,fear,0.8937987459354568,0.7523837327126781,,,0,,,,38.77243895406082,75.77844167735839,120.0
session_A,7400.205669000092,7423.921290627866,1,neutral,0.8567939825665268,0.8418200668900618,session_A,7365.438638811922,1,fear,-1.7598157076954657,0.7517964658354561,session_A,7402.4446415352195,1,fear,0.8937987459354568,0.7523837327126781,,,0,,,,34.76703018816988,2.2389725351276866,120.0
session_A,7541.89775580623,7496.307089600411,1,neutral,-2.003522292066514,1.604254361517141,session_A,7523.1355439972285,1,fear,0.001999356415087233,0.2819558673941572,session_A,7602.427735206534,1,fear,0.5115137019191913,0.1416566973910257,session_A,7599.265213384096,1,sad,0.4261239468194264,-0.023422959200815323,18.7622118090012,60.529979400304,57.367457577865935
session_A,7601.941847998175,7623.571912327489,1,neutral,-1.6022595410589253,-1.2516472141061394,session_A,7577.627266746126,1,fear,0.13512345186808206,0.45002067342183205,session_A,7602.427735206534,1,fear,0.5115137019191913,0.1416566973910257,session_A,7599.265213384096,1,sad,0.4261239468194264,-0.023422959200815323,24.31458125204881,0.48588720835869026,2.6766346140793758
session_A,7685.705546779543,7707.913458908306,1,neutral,0.524187842812771,0.27627417932855375,session_A,7693.839446079921,1,happy,0.3645250379928023,-0.7260150977009768,session_A,7602.427735206534,1,fear,0.5115137019191913,0.1416566973910257,session_A,7599.265213384096,1,sad,0.4261239468194264,-0.023422959200815323,8.133899300378289,83.27781157300888,86.44033339544694
session_A,7758.418138140612,7800.978364537027,1,neutral,-0.47177603363833576,0.45938577171661177,session_A,7745.644258211109,0,happy,-0.5378113463571395,1.2284208122801512,session_A,7793.45953281336,1,fear,0.4216168299098296,-0.09401517408515554,,,0,,,,12.773879929502982,35.04139467274763,120.0
session_A,7902.488345777057,7913.682395536765,1,neutral,0.22921137411506842,0.5300647056014667,session_A,7897.984604499966,1,happy,-1.3819490313636327,-0.5318774939427574,session_A,7994.6946099949055,1,fear,-0.6622448193245927,-1.2103987277827886,session_A,7994.89165440947,1,sad,-1.073702412717801,-1.7266066811237784,4.5037412770907395,92.20626421784891,92.40330863241343
session_A,7996.766994551033,8003.541969739826,1,neutral,0.8205284754174188,-0.3937411722245721,session_A,7993.479245691987,1,happy,2.3746065500264315,-1.737714595137132,session_A,7994.6946099949055,1,fear,-0.6622448193245927,-1.2103987277827886,session_A,7994.89165440947,1,sad,-1.073702412717801,-1.7266066811237784,3.2877488590465873,2.072384556127872,1.8753401415633562
session_A,8095.214901745523,8097.884240988094,1,neutral,0.829519042024073,-1.993060371054156,session_A,8073.092381234643,0,happy,0.14141947334054417,-2.325371374874287,session_A,7994.6946099949055,1,fear,-0.6622448193245927,-1.2103987277827886,session_A,7994.89165440947,1,sad,-1.073702412717801,-1.7266066811237784,22.12252051088035,100.52029175061762,100.3232473360531
session_A,8173.320662846029,8157.9949098427305,1,neutral,-0.6782644401551767,0.7494338997277404,session_A,8153.65186382284,1,happy,0.2598078568055095,1.0249216931253993,session_A,8193.097599843413,1,fear,0.8085477496020183,-0.560448809794373,,,0,,,,19.668799023189422,19.776936997383928,120.0
session_A,8303.560221474954,8319.605914940794,1,neutral,1.3276861322676916,-0.06913793472613955,session_A,8311.828475004713,1,happy,-0.5284261311155256,0.6062911561087082,session_A,8193.097599843413,1,fear,0.8085477496020183,-0.560448809794373,session_A,8405.83786545293,1,sad,0.6010918374142937,-0.9038792895808748,8.268253529759022,110.46262163154097,102.27764397797546
session_A,8398.234479524337,8424.36454601225,1,fear,0.09212665843410921,-0.8373982238274621,session_A,8380.432393716343,1,happy,-0.6627014083552638,1.9229461940665773,session_A,8395.70322408347,1,fear,-0.4088990902087895,0.04118002034917748,session_A,8405.83786545293,1,sad,0.6010918374142937,-0.9038792895808748,17.802085807994445,2.5312554408665164,7.6033859285926155
session_A,8473.35034277383,8484.013590632794,1,fear,-0.35801668807442916,0.8035850193786016,session_A,8466.832576982983,0,happy,-0.5292723066998932,0.0732753145856964,session_A,8395.70322408347,1,fear,-0.4088990902087895,0.04118002034917748,session_A,8405.83786545293,1,sad,0.6010918374142937,-0.9038792895808748,6.517765790847989,77.64711869036,67.51247732090087
session_A,8575.120732723213,8607.070894428678,1,fear,-1.0405439391575344,0.47469708846320197,session_A,8559.568344802821,1,happy,-0.2143751097051141,-1.4419787356400129,session_A,8590.407062990838,1,fear,0.5438770041121802,-0.48498972426172404,,,0,,,,15.552387920391993,15.28633026762509,120.0
session_A,8667.043695134744,8716.709345848232,1,fear,-0.605000712808731,-0.5339002383735546,session_A,8620.843319834285,1,sad,-0.18955551153927852,-0.819753928770844,session_A,8590.407062990838,1,fear,0.5438770041121802,-0.48498972426172404,session_A,8795.056600498174,1,sad,0.3989819007023456,0.8249378896141027,46.2003753004592,76.63663214390544,128.01290536343004
session_A,8788.222901019624,8807.702027932508,1,fear,-0.18924434093640552,0.32866200228248105,session_A,8791.922050800715,1,sad,0.3138190201071218,-0.49174741973013475,session_A,8782.11971601681,1,fear,0.357364972155674,1.9445977922602284,session_A,8795.056600498174,1,sad,0.3989819007023456,0.8249378896141027,3.699149781090455,6.103185002813916,6.8336994785495335
session_A,8923.771909799507,8893.82984928444,1,fear,-1.4768578168457318,1.067222416571983,session_A,8983.93921535617,1,sad,2.2676442038992546,-1.0307170319323398,session_A,8991.841918516948,1,fear,0.9121523959767788,-0.7219945397367117,,,0,,,,60.16730555666254,68.07000871744094,120.0
session_A,9020.062664002393,9006.900788037285,1,fear,-0.13113753020334493,0.3487758940462951,session_A,9029.113517011525,1,sad,-0.6300825102556694,-1.0571548741382744,session_A,8991.841918516948,1,fear,0.9121523959767788,-0.7219945397367117,,,0,,,,9.05085300913197,28.22074548544515,120.0
session_A,9137.385649522968,9101.24886043239,1,fear,0.1601905933170753,1.0762401574663856,session_A,9102.96594214259,1,sad,0.8421269591376328,-0.9177535374175142,session_A,9194.844353880939,1,fear,-0.6762466973636153,0.8985552801426162,session_A,9184.843080784865,1,sad,-1.2476277991437925,0.7096618656378763,34.419707380378895,57.45870435797042,47.457431261897
session_A,9205.995266707128,9199.53446873683,1,fear,0.3139082114575536,-0.8333688059494058,session_A,9201.00824698684,1,sad,-1.2953411844660352,1.7060917581276394,session_A,9194.844353880939,1,fear,-0.6762466973636153,0.8985552801426162,session_A,9184.843080784865,1,sad,-1.2476277991437925,0.7096618656378763,4.987019720289027,11.150912826189597,21.152185922263016
session_A,9262.686298152157,9279.887085966187,1,fear,-0.458675284939333,-0.2931915866487618,session_A,9261.144764317087,1,sad,0.21066687772462028,-1.121431046017255,session_A,9194.844353880939,1,fear,-0.6762466973636153,0.8985552801426162,session_A,9184.843080784865,1,sad,-1.2476277991437925,0.7096618656378763,1.5415338350703678,67.84194427121838,77.8432173672918
session_A,9419.907880658331,9382.68235990585,1,fear,0.34770845245095694,-0.4070782363503251,session_A,9455.52837736089,1,sad,-1.5920130022414554,0.30155230681290407,session_A,9389.196628655556,1,fear,-0.31163943394972,-0.746116482942726,,,0,,,,35.62049670255874,30.711252002774927,120.0
session_A,9503.335861689477,9511.145080105556,1,fear,-0.33925848388401536,1.0638515327343585,session_A,9519.889336784774,1,sad,0.27384239830845625,-0.3007645848467349,session_A,9389.196628655556,1,fear,-0.31163943394972,-0.746116482942726,session_A,9616.711212285632,1,neutral,0.4934319881836954,-0.040342386534012425,16.553475095297472,114.13923303392039,113.37535059615584
session_A,9600.114103122522,9646.758127078725,1,happy,0.2230797426252751,1.4332145066061728,session_A,9595.41772397643,1,neutral,-0.1480724045477542,-0.5634714254250696,session_A,9608.451084688248,1,happy,-0.7552194194170205,-2.739533122289479,session_A,9616.711212285632,1,neutral,0.4934319881836954,-0.040342386534012425,4.696379146091203,8.336981565726092,16.597109163110872
session_A,9710.453987715937,9698.977902500932,1,happy,-0.17040758116420443,-0.7794823967254196,session_A,9766.678491781171,1,neutral,-0.0005630971229588082,0.039693526597561826,session_A,9796.789960485441,1,happy,-0.7507246182651125,1.642660293436234,session_A,9616.711212285632,1,neutral,0.4934319881836954,-0.040342386534012425,56.224504065234214,86.33597276950422,93.74277543030439
session_A,9784.672330594656,9811.980534253642,1,happy,1.08528700444591,0.36653140723722993,session_A,9812.366325821975,1,neutral,0.27380384532351953,-0.007116855128515773,session_A,9796.789960485441,1,happy,-0.7507246182651125,1.642660293436234,,,0,,,,27.693995227318737,12.117629890784883,120.0
session_A,9908.171380427557,9894.443885000164,1,happy,0.9355471254651493,-1.8314060842151236,session_A,9929.30095143936,1,neutral,0.93263884299112,0.48398229395152703,session_A,9997.652775271488,1,happy,-0.13210121281312523,0.22716279838746606,session_A,10001.29409536896,1,neutral,-0.35806266957117455,-1.105835182152118,21.12957101180291,89.48139484393141,93.12271494140259
session_A,9964.165384087768,9973.08890505591,0,happy,1.3638622298139094,0.895184981971686,session_A,10010.76930691252,1,neutral,1.2217286662175928,0.64455841198398,session_A,9997.652775271488,1,happy,-0.13210121281312523,0.22716279838746606,session_A,10001.29409536896,1,neutral,-0.35806266957117455,-1.105835182152118,46.60392282475186,33.48739118372032,37.1287112811915
session_A,10072.954937791264,10046.63848091885,1,happy,-0.5434955079326346,2.4204150122474024,session_A,10092.04741591146,1,neutral,1.5588162477990857,-0.8761099242279576,session_A,9997.652775271488,1,happy,-0.13210121281312523,0.22716279838746606,session_A,10001.29409536896,1,neutral,-0.35806266957117455,-1.105835182152118,19.092478120195665,75.30216251977618,71.660842422305
session_A,10189.927698851108,10208.371443771006,1,happy,-1.5609583529944429,-0.29732336269763543,session_A,10160.803741000134,1,neutral,-1.1173276020512748,0.414616285026703,session_A,10205.808232264313,1,happy,1.1692701090701714,-1.169676001024419,,,0,,,,29.123957850973966,15.88053341320483,120.0
session_A,10298.450188267221,10314.234510190421,1,happy,0.34464522623605237,0.668326018107997,session_A,10320.153797189385,1,neutral,0.8789540277008926,-1.4973731700945367,session_A,10205.808232264313,1,happy,1.1692701090701714,-1.169676001024419,session_A,10409.444158685403,1,neutral,0.13660228301270078,1.2283943683343845,21.703608922163767,92.64195600290805,110.99397041818156
session_A,10416.16067735139,10429.320865057232,1,happy,-0.9701495196514126,-0.8876956557145598,session_A,10400.457733153546,1,neutral,-1.1183058172065439,-0.3845501100179167,session_A,10379.871238433818,1,happy,-2.128169541985812,-1.0181176115186856,session_A,10409.444158685403,1,neutral,0.13660228301270078,1.2283943683343845,15.702944197844772,36.289438917572625,6.716518665987678
session_A,10496.55580823949,10525.268785057198,1,happy,-0.4425357118921839,1.4550455762707113,session_A,10483.237948318407,1,neutral,-0.29933790775172203,0.6721143150964368,session_A,10379.871238433818,1,happy,-2.128169541985812,-1.0181176115186856,session_A,10409.444158685403,1,neutral,0.13660228301270078,1.2283943683343845,13.317859921082345,116.68456980567134,87.1116495540864
session_A,10604.648118819809,10628.164924390057,1,happy,-0.36177047744417123,-0.9411220959249583,session_A,10624.815451285893,1,fear,1.412513069961006,1.024098839841025,session_A,10601.474933657406,1,happy,1.950943482686692,-1.2690896148598123,,,0,,,,20.16733246608419,3.1731851624026604,120.0
session_A,10708.142011111577,10671.816336700751,1,happy,0.6374709026511215,-0.5387713176177432,session_A,10717.073548415616,1,fear,0.6785239514000281,-0.37077816946206166,session_A,10794.109815067693,1,happy,0.028326745082940964,-1.599949334084345,session_A,10810.643121862471,0,neutral,-0.9784408800414345,2.8144474532661614,8.931537304039011,85.96780395611677,102.50111075089444
session_A,10756.903314511792,10785.841816048125,1,sad,-1.686468151234102,-0.8262294663639526,session_A,10717.073548415616,1,fear,0.6785239514000281,-0.37077816946206166,session_A,10794.109815067693,1,happy,0.028326745082940964,-1.599949334084345,session_A,10810.643121862471,0,neutral,-0.9784408800414345,2.8144474532661614,39.82976609617617,37.206500555901584,53.73980735067926
session_A,10896.773920741904,10895.439203758935,1,sad,-0.1591848713800608,0.20338824061994343,session_A,10890.217603046218,1,fear,1.8089145420827708,1.4253289434703056,session_A,10794.109815067693,1,happy,0.028326745082940964,-1.599949334084345,session_A,10810.643121862471,0,neutral,-0.9784408800414345,2.8144474532661614,6.5563176956857205,102.66410567421008,86.1307988794324
session_A,11012.723293536183,11011.92798746694,1,sad,0.385037937656101,0.5565334427512632,session_A,11025.110163787915,1,fear,0.19963501791151453,-1.5612029221888803,session_A,11016.251201318228,1,happy,-0.03247432391745505,1.0280535653991831,,,0,,,,12.386870251732034,3.5279077820450766,120.0
session_A,11136.63131944916,11098.432304921054,1,sad,-0.30708321833457675,-0.7535275803573779,session_A,11109.035481935987,1,fear,-1.1369225814104345,-2.156023042549981,session_A,11195.327765334225,1,happy,0.11912392936627762,0.31799869441404743,session_A,11205.250959739726,1,neutral,1.8771364753316424,0.7925074116726066,27.595837513172228,58.69644588506526,68.61964029056617
session_A,11177.59950782318,11184.001648361844,1,sad,-0.07068038165207131,0.3342951284977145,session_A,11178.285728227127,0,fear,0.45301875631217164,-0.44997038186464916,session_A,11195.327765334225,1,happy,0.11912392936627762,0.31799869441404743,session_A,11205.250959739726,1,neutral,1.8771364753316424,0.7925074116726066,0.6862204039462085,17.72825751104392,27.65145191654483
session_A,11286.220365006266,11316.20332215236,1,sad,0.7394126723009475,-0.159648307422017,session_A,11294.998263545014,1,fear,0.6029369437552222,-0.13002606149848983,session_A,11195.327765334225,1,happy,0.11912392936627762,0.31799869441404743,session_A,11205.250959739726,1,neutral,1.8771364753316424,0.7925074116726066,8.777898538748559,90.89259967204089,80.96940526653998
session_A,11409.871702574936,11403.38352457475,1,sad,-1.4481272594150476,-0.0679802559844049,session_A,11447.137489908866,1,fear,0.5518587715312919,-2.917159880697066,session_A,11393.725931928679,1,happy,-0.1250444158598842,-0.6100988660571137,,,0,,,,37.26578733393035,16.145770646257006,120.0
session_A,11483.80549384322,11503.417181071074,1,sad,-1.4548224852577891,1.3361861000121709,session_A,11511.375313642215,1,happy,1.025348034257755,-0.31728672525244067,session_A,11393.725931928679,1,happy,-0.1250444158598842,-0.6100988660571137,,,0,,,,27.569819798995013,90.07956191454105,120.0
session_A,11595.454687982547,11606.542178081103,1,sad,-2.409921965799875,-1.1563476602653329,session_A,11614.37668044849,1,happy,-1.9215045305486382,1.1289911009620173,session_A,11612.361857213573,1,happy,-0.19562233080768832,0.25928764153490796,session_A,11596.59103420555,1,neutral,0.10715507283932346,-1.2792539721752665,18.92199246594282,16.907169231026273,1.136346223003784
session_A,11680.701605614317,11712.859136687352,1,sad,1.997296530747994,-1.176614719429302,session_A,11671.836388987762,1,happy,-1.0172243411016413,0.8662252008585286,session_A,11612.361857213573,1,happy,-0.19562233080768832,0.25928764153490796,session_A,11596.59103420555,1,neutral,0.10715507283932346,-1.2792539721752665,8.865216626554684,68.3397484007437,84.11057140876619
session_A,11804.238070629579,11829.000090672993,1,sad,-1.2223743125399031,0.24903612230694197,session_A,11839.533873646762,1,happy,-1.1619344063800876,-0.6772741840092779,session_A,11801.684277366314,1,happy,1.5860038309598667,0.22198277767627117,,,0,,,,35.29580301718306,2.5537932632651064,120.0
session_A,11870.268335332774,11876.940754276775,1,sad,-0.42360660646083825,-0.520588412855411,session_A,11839.533873646762,1,happy,-1.1619344063800876,-0.6772741840092779,session_A,11801.684277366314,1,happy,1.5860038309598667,0.22198277767627117,,,0,,,,30.734461686011855,68.58405796646002,120.0
session_A,12004.349874956775,11968.050682926441,1,neutral,0.5154104029008109,-0.5775388873556505,session_A,11989.469747847055,1,happy,-0.9091028886033559,-0.8712160720258142,session_A,12013.019210715718,1,sad,-0.059042217305055426,2.390222710651804,session_A,12001.001696379935,1,neutral,-0.284099005360783,1.9250128017358519,14.880127109719979,8.669335758942907,3.3481785768399277
session_A,12088.703424344136,12088.54092490416,1,neutral,0.5411316108045314,0.7629264823369366,session_A,12083.435194125934,1,happy,-1.7763982963422946,-0.6539631336369219,session_A,12013.019210715718,1,sad,-0.059042217305055426,2.390222710651804,session_A,12001.001696379935,1,neutral,-0.284099005360783,1.9250128017358519,5.268230218202007,75.68421362841764,87.70172796420047
session_A,12169.659248287073,12209.68461991871,0,neutral,-1.034308051674399,0.2352761115882635,session_A,12172.712879809253,1,happy,-1.2026965859010301,-0.2863661358651756,session_A,12190.319577202488,1,sad,2.3310246715580702,0.8194475726178976,,,0,,,,3.053631522179785,20.660328915415448,120.0
session_A,12308.033798655775,12285.481219722467,1,neutral,-1.2826346502605217,0.7138201364823995,session_A,12323.337437247725,1,happy,-0.0886139452531673,-0.4304583334619581,session_A,12405.501537480943,0,sad,1.9661274713755903,-1.5478328327399113,session_A,12400.639777113689,0,neutral,-0.37344296634951507,1.1060062915027862,15.303638591949493,97.46773882516754,92.6059784579138
session_A,12388.948417574928,12426.121219282379,0,neutral,-0.44065242156974244,0.03210767397093466,session_A,12395.706237970437,1,happy,0.10469002988812601,1.6965866829708507,session_A,12405.501537480943,0,sad,1.9661274713755903,-1.5478328327399113,session_A,12400.639777113689,0,neutral,-0.37344296634951507,1.1060062915027862,6.757820395509043,16.553119906015127,11.69135953876139
session_A,12488.846013185685,12508.4804532812,1,neutral,-0.5334523471647244,-0.4116383222162092,session_A,12453.495603742667,1,sad,0.21727315822862395,1.5750828276087308,session_A,12405.501537480943,0,sad,1.9661274713755903,-1.5478328327399113,session_A,12400.639777113689,0,neutral,-0.37344296634951507,1.1060062915027862,35.35040944301727,83.34447570474185,88.20623607199559
session_A,12581.269451054775,12556.569954043269,1,neutral,1.6109369950118944,2.549327952607003,session_A,12552.153707436757,1,sad,0.03104720048855424,-0.2520628154033563,session_A,12584.210538588732,1,sad,1.060327204779694,-0.2703965558033584,,,0,,,,29.115743618018314,2.9410875339563063,120.0
session_A,12665.136915268837,12694.411288428473,1,neutral,-0.2862229498406692,-0.18992384102225704,session_A,12642.77733624877,1,sad,-0.7672170685306403,-0.8062818206846841,session_A,12584.210538588732,1,sad,1.060327204779694,-0.2703965558033584,,,0,,,,22.35957902006703,80.92637668010502,120.0
session_A,12810.432100564576,12809.44113275515,1,neutral,-1.4944056198193065,0.6991967316948878,session_A,12804.253723958926,1,sad,-0.09154001941820787,-0.5308218281296473,session_A,12797.174050465379,1,sad,-0.4211529826571552,0.11866416972399602,session_A,12809.78592863665,1,neutral,-0.5382990953166494,-0.03775503444853058,6.178376605650556,13.258050099197135,0.6461719279268436
session_A,12903.095285983867,12893.928147082766,1,neutral,-0.1420032144075213,0.6152567669685612,session_A,12870.677712044313,1,sad,0.43400982345010697,0.25185441529500513,session_A,12797.174050465379,1,sad,-0.4211529826571552,0.11866416972399602,session_A,12809.78592863665,1,neutral,-0.5382990953166494,-0.03775503444853058,32.41757393955413,105.92123551848817,93.30935734721788
session_A,12977.125922419338,12968.84791110087,1,neutral,0.16439070297730224,-0.3904639494628101,session_A,12958.681275945088,1,sad,-1.1109310952157205,1.188784114353874,session_A,12994.952307222942,1,sad,1.0571892702413659,0.37863932383803556,,,0,,,,18.444646474250476,17.826384803604014,120.0
session_A,13096.86489079151,13130.021977000151,1,neutral,-1.1037406977820072,0.5872591668027922,session_A,13119.606836948544,1,sad,-0.660300116021989,0.5818504393070786,session_A,13183.642173895962,1,sad,-1.2253917994691081,1.5012358638272103,session_A,13219.408669391818,1,neutral,0.7212253727997919,1.461799167547305,22.741946157033453,86.77728310445127,122.54377860030763
session_A,13184.357149538433,13203.193130063464,0,fear,1.2125188368316004,-0.3237917042866007,session_A,13188.940191045853,1,sad,0.12992985416607386,-0.06979878576213788,session_A,13183.642173895962,1,sad,-1.2253917994691081,1.5012358638272103,session_A,13219.408669391818,1,neutral,0.7212253727997919,1.461799167547305,4.5830415074196935,0.7149756424714724,35.05151985338489
session_A,13299.683869123406,13283.756384293734,1,fear,-0.3423409386638824,-0.08158776968512098,session_A,13287.912147303337,1,sad,-2.601888315051689,0.20541052696125997,session_A,13398.63672274212,1,sad,0.013236672801670204,0.7357333602801638,session_A,13219.408669391818,1,neutral,0.7212253727997919,1.461799167547305,11.771721820068706,98.95285361871356,80.27519973158815
session_A,13370.918149892228,13408.677203039459,1,fear,-0.5227186961696804,-2.564744341820567,session_A,13353.091445071846,1,sad,0.659484214251896,-0.3969138412377916,session_A,13398.63672274212,1,sad,0.013236672801670204,0.7357333602801638,,,0,,,,17.826704820381565,27.718572849891643,120.0
session_A,13504.902655594937,13487.150253167343,1,fear,-1.3168302110582415,0.8358078963143372,session_A,13529.240524885065,1,neutral,1.9164448767354103,-0.7634393173106605,session_A,13602.183646038908,1,sad,-0.09983458049545033,0.5718591826367099,session_A,13590.568400756307,1,neutral,-0.22776554558134285,0.7722114773525048,24.337869290127855,97.28099044397095,85.66574516137007
session_A,13642.886841088313,13607.56339477705,1,fear,0.3877031412620148,-0.16692793010856513,session_A,13662.854133112893,1,neutral,1.1589495823768998,2.857438423139865,session_A,13602.183646038908,1,sad,-0.09983458049545033,0.5718591826367099,session_A,13590.568400756307,1,neutral,-0.22776554558134285,0.7722114773525048,19.967292024579365,40.70319504940562,52.3184403320065
session_A,13711.251533622466,13722.531050154173,1,fear,-0.5213229186372847,-0.4354074729439623,session_A,13662.854133112893,1,neutral,1.1589495823768998,2.857438423139865,session_A,13808.73266895502,1,sad,0.4868185471492834,0.13911173976159188,session_A,13590.568400756307,1,neutral,-0.22776554558134285,0.7722114773525048,48.397400509573345,97.4811353325531,120.68313286615921
session_A,13814.234430981222,13826.970739925342,1,fear,-0.45884049314930064,-0.42477372779309125,session_A,13819.74193593019,1,neutral,1.7223599419956492,0.272862518025773,session_A,13808.73266895502,1,sad,0.4868185471492834,0.13911173976159188,,,0,,,,5.507504948967835,5.501762026202414,120.0
session_A,13895.576292999767,13917.136965756517,1,fear,-2.2517772906190467,-0.8267050469168946,session_A,13917.579804845793,1,neutral,0.9645506822393334,-0.03233711869521544,session_A,13808.73266895502,1,sad,0.4868185471492834,0.13911173976159188,session_A,13986.849708944623,1,neutral,-1.3811639314907738,0.4914525899395903,22.003511846025503,86.84362404474814,91.27341594485551
session_A,13958.233591777049,13982.654508001362,0,fear,-0.9151561158459262,-0.20110465451883033,session_A,13995.209859529752,1,neutral,-1.406914165601862,-1.977749062367128,session_A,13999.424011260482,1,sad,1.259705852880406,-0.11902850660012523,session_A,13986.849708944623,1,neutral,-1.3811639314907738,0.4914525899395903,36.97626775270328,41.19041948343329,28.616117167573975
session_A,14095.588908278567,14081.445353035118,1,fear,-0.056954541213528984,1.0491736214413494,session_A,14061.994179486077,1,neutral,-0.03447486503463288,0.053752562990502024,session_A,14201.606802378208,1,sad,-0.37351399718084694,0.4853032830631407,session_A,13986.849708944623,1,neutral,-1.3811639314907738,0.4914525899395903,33.59472879249006,106.01789409964113,108.73919933394427
session_A,14183.609652089413,14210.053881266937,1,fear,-0.22153611573080054,0.6474846907094743,session_A,14165.701694512296,1,neutral,0.3870587293957439,-1.1536749163997606,session_A,14201.606802378208,1,sad,-0.37351399718084694,0.4853032830631407,,,0,,,,17.907957577117486,17.997150288794728,120.0
session_A,14312.629945665612,14281.368593947269,0,fear,-0.01208465078826744,-0.21069001436315682,session_A,14322.731455624,1,neutral,0.6294040061022004,0.13187381312115198,session_A,14411.38847577812,1,neutral,0.9958587243723608,-0.9342390641479599,session_A,14381.04014800854,1,fear,1.421075938069784,0.9364004170146472,10.101509958387396,98.75853011250729,68.41020234292773
session_A,14371.857396938363,14412.343482634944,1,happy,-0.3509523822179781,-1.0222802816473295,session_A,14410.985642025844,1,fear,0.8708227703666389,-0.8045266302248135,session_A,14411.38847577812,1,neutral,0.9958587243723608,-0.9342390641479599,session_A,14381.04014800854,1,fear,1.421075938069784,0.9364004170146472,39.128245087480536,39.53107883975645,9.182751070176892
session_A,14520.304339432287,14458.946718783305,1,happy,-1.4966386899033264,-0.9228864418952676,session_A,14483.593222229973,1,fear,-1.7144858954961215,-0.7138194972187111,session_A,14596.390597142085,1,neutral,-1.1383267269609427,-0.44169179417299426,session_A,14381.04014800854,1,fear,1.421075938069784,0.9364004170146472,36.7111172023142,76.08625770979779,139.26419142374652
session_A,14605.086565692547,14613.811710328302,1,happy,-1.1401609191262305,-1.1195358752705262,session_A,14645.466369048754,1,fear,0.4963430343407315,0.9112380445689469,session_A,14596.390597142085,1,neutral,-1.1383267269609427,-0.44169179417299426,,,0,,,,40.37980335620705,8.695968550462567,120.0
session_A,14701.048937956839,14709.877298739555,1,happy,-0.18767099092845213,0.278143726454627,session_A,14716.371070369589,1,fear,0.06269830323671424,0.10753418005363442,session_A,14797.47368411076,1,neutral,1.178450850318331,0.19923804124923924,session_A,14810.955224114958,1,fear,0.5504335109347853,-1.3090950523879856,15.322132412749852,96.42474615392166,109.90628615811875
session_A,14813.99981300353,14814.526149075,0,happy,-1.6198719943917699,-2.2472685553408556,session_A,14807.772039547228,1,fear,0.0442170029001831,-0.8091259849410398,session_A,14797.47368411076,1,neutral,1.178450850318331,0.19923804124923924,session_A,14810.955224114958,1,fear,0.5504335109347853,-1.3090950523879856,6.227773456301293,16.52612889276861,3.044588888571525
session_A,14921.379051678716,14881.62878564876,1,happy,-1.8598354065456286,0.09903482100720092,session_A,14882.704542117384,1,fear,2.206525307140402,-0.5237727785412354,session_A,14997.679473808503,1,neutral,0.004132882654866092,0.25649197844354,,,0,,,,38.67450956133143,76.30042212978697,120.0
session_A,15032.356701403818,15009.293356297827,1,happy,-0.37171669658569495,-0.8931306215848627,session_A,15035.078653707993,1,fear,0.2489339103966579,0.8463040623077297,session_A,14997.679473808503,1,neutral,0.004132882654866092,0.25649197844354,,,0,,,,2.72195230417492,34.677227595315344,120.0
session_A,15094.613235330065,15081.72877769688,1,happy,2.0487556508632867,1.785168402072131,session_A,15118.670485651703,1,fear,-0.33216852983900536,2.7039851072793866,session_A,14997.679473808503,1,neutral,0.004132882654866092,0.25649197844354,session_A,15197.771778242428,1,fear,1.1379567694000488,0.018394215571319834,24.057250321637184,96.9337615215627,103.15854291236246
session_A,15183.424692839435,15215.39034783735,1,happy,0.6396264094979018,0.44254562420405297,session_A,15190.280307328527,1,fear,-0.9426799145313405,0.9365693558567879,session_A,15193.23743628018,1,neutral,0.8590460581777356,0.20775059761412384,session_A,15197.771778242428,1,fear,1.1379567694000488,0.018394215571319834,6.855614489091749,9.81274344074518,14.347085402992889
session_A,15311.436680571504,15313.320256253479,1,happy,0.6369062833722101,0.3407914080021059,session_A,15279.110878557864,0,fear,0.7314924079409346,-0.8467440928840201,session_A,15410.140988486432,1,neutral,-0.8571764037774298,-0.008933867891970693,,,0,,,,32.325802013639986,98.704307914928,120.0
session_A,15401.50517939339,15389.988544740716,1,happy,-1.2798409576400205,1.681816619300824,session_A,15432.698458972991,1,happy,-0.9439535247220022,1.3011583486520308,session_A,15410.140988486432,1,neutral,-0.8571764037774298,-0.008933867891970693,,,0,,,,31.19327957960013,8.635809093040734,120.0
session_A,15524.46597080532,15504.593841503405,1,happy,1.3506251209526567,0.012053180601825543,session_A,15537.460959895994,1,happy,2.8126492482387233,-1.7092261039101555,session_A,15608.384236620937,1,neutral,-0.4664165060074345,-1.1088029749380393,session_A,15609.747518150865,1,fear,1.3100396928669502,0.8743424284463873,12.994989090673698,83.9182658156169,85.28154734554482
session_A,15580.317515331684,15607.14584348098,1,sad,0.0603859284244171,-1.3026521168344645,session_A,15588.088525286643,1,happy,-1.0775832476037126,-0.2996530640553656,session_A,15608.384236620937,1,neutral,-0.4664165060074345,-1.1088029749380393,session_A,15609.747518150865,1,fear,1.3100396928669502,0.8743424284463873,7.771009954958572,28.06672128925311,29.430002819181027
session_A,15698.564867850577,15732.356100999603,0,sad,0.8942133285134095,0.011445439091466015,session_A,15680.7237765,1,happy,0.4810286647636553,0.5077284516382525,session_A,15796.233426737796,1,neutral,0.7393260256749032,-1.1617333589343466,session_A,15609.747518150865,1,fear,1.3100396928669502,0.8743424284463873,17.84109135057588,97.66855888721875,88.81734969971149
session_A,15800.795822805876,15796.34754827368,1,sad,-1.0824271973882869,-0.15105187760692926,session_A,15840.242684808118,1,happy,-0.12180522405333363,-0.4684256978994578,session_A,15796.233426737796,1,neutral,0.7393260256749032,-1.1617333589343466,,,0,,,,39.44686200224169,4.5623960680804885,120.0
session_A,15877.494320299384,15909.201992661856,1,sad,0.39126465993323495,-1.786707511368078,session_A,15930.165377060248,1,happy,-0.9310734879421032,-0.9991448913310123,session_A,15796.233426737796,1,neutral,0.7393260256749032,-1.1617333589343466,,,0,,,,52.6710567608643,81.26089356158809,120.0
session_A,16017.922624946199,16019.066027300134,0,sad,1.0258368428852387,0.0389132069014598,session_A,15974.011638060398,1,happy,-0.18030702284953407,0.014072082873504806,session_A,16007.755278325985,1,neutral,1.2381603014898497,-0.665061720361623,session_A,16002.655286491165,1,fear,0.08950899976381409,-0.237259719097402,43.91098688580132,10.16734662021372,15.267338455034405
session_A,16080.493421107554,16106.202888285507,1,sad,0.379280034365163,1.2873311116050654,session_A,16072.446507453104,1,happy,-0.17685919357279603,0.09080002361004777,session_A,16007.755278325985,1,neutral,1.2381603014898497,-0.665061720361623,session_A,16002.655286491165,1,fear,0.08950899976381409,-0.237259719097402,8.046913654450691,72.73814278156897,77.83813461638965
session_A,16197.619884182439,16177.604294180504,1,sad,-0.31910659701089783,0.21723119481052466,session_A,16155.879131870619,1,happy,-0.45615619611535785,0.43765567353430623,session_A,16214.609674775254,1,neutral,-1.1337710254197284,1.328478810791731,,,0,,,,41.74075231181996,16.989790592815552,120.0
session_A,16289.597906054601,16304.551926669457,0,sad,-0.5039577414106104,-0.628066083725374,session_A,16320.194574930656,1,sad,0.011277696618660139,-0.0980735685325076,session_A,16214.609674775254,1,neutral,-1.1337710254197284,1.328478810791731,session_A,16397.17985518065,1,fear,0.2414521596024293,1.4408125980042632,30.596668876054537,74.98823127934702,107.58194912604813
session_A,16392.764133557674,16404.39387900161,1,sad,0.2732040228521227,-1.1394290010915746,session_A,16401.297512244408,1,sad,-0.7683556595479125,0.085993480747625,session_A,16404.73056583082,1,neutral,-1.016016529408222,-0.5222384795425068,session_A,16397.17985518065,1,fear,0.2414521596024293,1.4408125980042632,8.533378686734068,11.966432273147802,4.41572162297598
session_A,16525.879984918498,16479.082568770784,1,sad,-2.116654448970531,-1.8618451532425115,session_A,16566.791144738898,1,sad,-1.0775613288673254,-1.2869074405363745,session_A,16599.434275266205,1,neutral,0.044658280963466405,0.7583530326440655,,,0,,,,40.91115982039992,73.55429034770714,120.0
session_A,16600.55651100459,16597.883004602347,1,sad,1.2141898289285016,-2.672834433102938,session_A,16625.384782999437,1,sad,-0.03909892121655298,-0.09019241337738836,session_A,16599.434275266205,1,neutral,0.044658280963466405,0.7583530326440655,,,0,,,,24.828271994847455,1.1222357383849157,120.0
session_A,16728.105887632464,16679.69994623195,1,sad,-0.3798065117898951,-0.7528919172286209,session_A,16737.2112600471,1,sad,-0.8059936088317976,-1.3936724843661716,session_A,16793.49620780288,1,fear,0.23511994315166507,1.2154824164976936,session_A,16810.793156564323,1,fear,-0.231446797688791,0.5946902113701839,9.105372414636804,65.39032017041609,82.68726893185885
session_A,16794.127283909584,16825.69473510632,1,neutral,1.8373866754875203,-0.3359392250401477,session_A,16791.312739310917,1,sad,-1.582167016126918,-0.7446233564385631,session_A,16793.49620780288,1,fear,0.23511994315166507,1.2154824164976936,session_A,16810.793156564323,1,fear,-0.231446797688791,0.5946902113701839,2.8145445986665436,0.6310761067034036,16.66587265473936
session_A,16900.640376585725,16931.56643848062,1,neutral,-0.09329864965349177,0.1310578260461443,session_A,16865.487852351824,0,sad,-0.08451988151147344,0.675144659894898,session_A,17002.29832608829,1,fear,0.748813885982477,-0.6667508502068556,session_A,16810.793156564323,1,fear,-0.231446797688791,0.5946902113701839,35.152524233901204,101.65794950256532,89.84722002140188
session_A,17057.219366228615,17015.323140347205,1,neutral,-0.7072645299514636,0.9689978702758579,session_A,17006.71793311578,1,sad,-0.7847792471559913,0.13820512935328008,session_A,17002.29832608829,1,fear,0.748813885982477,-0.6667508502068556,,,0,,,,50.50143311283682,54.9210401403252,120.0
session_A,17091.184496707778,17116.354824478058,1,neutral,0.031085587771152785,0.2785759145118061,session_A,17131.051131779375,1,sad,0.6084517364296791,-0.21427494255446522,session_A,17002.29832608829,1,fear,0.748813885982477,-0.6667508502068556,,,0,,,,39.86663507159756,88.88617061948753,120.0
session_A,17206.058496278896,17207.64938615385,1,neutral,-1.9369669327054153,0.6665726686095336,session_A,17205.829154073945,1,sad,-1.0904472525504776,0.6312747301215763,session_A,17190.01005911434,1,fear,0.33354901163620493,0.1855133065847436,session_A,17206.35843338266,1,fear,-1.1904837546883553,0.16152465215384673,0.22934220495153568,16.04843716455798,0.29993710376220406
session_A,17274.03861555993,17298.948597610542,1,neutral,0.08398100331445427,-0.6935061645722808,session_A,17237.107081871625,1,neutral,-1.2780883627118034,1.8861891585560817,session_A,17190.01005911434,1,fear,0.33354901163620493,0.1855133065847436,session_A,17206.35843338266,1,fear,-1.1904837546883553,0.16152465215384673,36.931533688304626,84.02855644559168,67.68018217727149
session_A,17375.840847005325,17392.675012522093,1,neutral,-0.5848741349330007,-0.04658727033933937,session_A,17377.293463436345,1,neutral,0.013355591543672855,1.1049404889577255,session_A,17401.941154170592,1,fear,0.5566166656775543,-0.04268309622747663,,,0,,,,1.4526164310191234,26.100307165266713,120.0
session_A,17481.857926906778,17513.03708819421,0,neutral,0.06300236833469973,-1.8919462533119105,session_A,17526.253261213904,1,neutral,1.1414807681032177,1.202700806536146,session_A,17401.941154170592,1,fear,0.5566166656775543,-0.04268309622747663,session_A,17604.47715030095,1,fear,0.5458788377391453,-1.0366228991646005,44.39533430712618,79.91677273618552,122.61922339417288
session_A,17599.778252727272,17596.022588279844,1,neutral,-0.1034201135746335,-0.02798245653021798,session_A,17612.988393593718,1,neutral,2.57251743696973,-0.7500017362485115,session_A,17602.957647405114,1,fear,0.6684176852860094,-0.6696814280722031,session_A,17604.47715030095,1,fear,0.5458788377391453,-1.0366228991646005,13.210140866445727,3.1793946778416284,4.6988975736785505
session_A,17717.05769297727,17680.000111783484,1,neutral,-1.1719715929007948,-1.0933238578873825,session_A,17673.13688989946,1,neutral,-0.890020749763603,-2.762675505673743,session_A,17795.78794642787,0,fear,-1.1249293551021546,1.2657749251665555,session_A,17604.47715030095,1,fear,0.5458788377391453,-1.0366228991646005,43.92080307780998,78.7302534506016,112.58054267631815
session_A,17822.409052815638,17792.23589011169,1,neutral,-2.5016998441596545,-1.7039928626103755,session_A,17851.569702338507,1,neutral,0.27924155393356226,1.3687846319035628,session_A,17795.78794642787,0,fear,-1.1249293551021546,1.2657749251665555,,,0,,,,29.16064952286979,26.621106387767213,120.0
session_A,17889.960880025086,17892.649004709416,1,neutral,0.038581122980917065,-0.3117463308224471,session_A,17925.1286610711,1,neutral,-0.2882854581273188,0.4049823189246768,session_A,17795.78794642787,0,fear,-1.1249293551021546,1.2657749251665555,session_A,17993.743758935987,1,fear,1.075722967494192,0.356756290308358,35.16778104601326,94.17293359721589,103.78287891090076
session_A,17987.831688497736,17984.478276729442,1,fear,0.4788755385204616,-1.5356420699261193,session_A,18005.872508499946,1,neutral,1.2577789508694428,1.1402532809442802,session_A,18015.77756761555,1,fear,-0.18924569656839169,3.0317624151106344,session_A,17993.743758935987,1,fear,1.075722967494192,0.356756290308358,18.04082000221024,27.94587911781491,5.912070438251249
session_A,18101.845957307072,18097.346035181472,1,fear,1.5882761071492624,-0.6222074452947179,session_A,18087.233839461078,1,neutral,-2.2194742586230527,1.469937230941231,session_A,18015.77756761555,1,fear,-0.18924569656839169,3.0317624151106344,session_A,17993.743758935987,1,fear,1.075722967494192,0.356756290308358,14.612117845994362,86.06838969152159,108.10219837108525
session_A,18195.942233913895,18177.013703990535,1,fear,0.0699195809948253,-1.0762452003187681,session_A,18147.370444065466,1,neutral,-1.5525074733000543,0.2607543841411672,session_A,18196.81777668848,0,fear,0.372325560060305,0.8356149278862445,,,0,,,,48.571789848429034,0.8755427745854831,120.0
session_A,18307.14659940028,18310.000477595702,1,fear,-0.6221677002542582,0.9874051450464006,session_A,18340.712470013932,1,fear,-0.1900716729007449,-2.0547613076752937,session_A,18196.81777668848,0,fear,0.372325560060305,0.8356149278862445,session_A,18399.39907752245,1,fear,0.012578502351833248,0.6568185267201376,33.565870613652805,110.32882271179915,92.25247812216912
session_A,18425.85343161814,18409.529441328265,1,fear,1.3634287120856987,-1.8807984279740577,session_A,18386.422794468388,0,fear,-0.17636595048933035,-0.6917697430023131,session_A,18401.91319427707,1,fear,0.2704853861101991,-0.9089976945137175,session_A,18399.39907752245,1,fear,0.012578502351833248,0.6568185267201376,39.43063714975142,23.940237341070315,26.454354095691087
session_A,18484.39390538618,18502.146065500292,1,fear,-0.5714492191967373,-0.16615784194973238,session_A,18489.121568689014,1,fear,0.6216013131209713,-0.037249252552126945,session_A,18401.91319427707,1,fear,0.2704853861101991,-0.9089976945137175,session_A,18399.39907752245,1,fear,0.012578502351833248,0.6568185267201376,4.727663302834117,82.48071110911042,84.99482786373119
session_A,18596.945043664433,18607.448261709425,1,fear,-0.2322693299242352,0.07571328795683367,session_A,18529.389812297493,1,fear,0.15008113034502407,0.3239902562721444,session_A,18595.134082165303,1,fear,-0.7764744081483639,2.671763379756685,,,0,,,,67.55523136693955,1.8109614991299168,120.0
session_A,18708.069833187517,18720.97553563985,1,fear,1.6473939976033294,0.30962008190916684,session_A,18661.979978789986,1,fear,-0.9980235932938778,-0.3522650349497693,session_A,18794.41422832214,1,fear,-0.051567839476213594,0.546667032616485,session_A,18796.877318053932,1,fear,-1.5856033746002556,-0.9204557562492998,46.08985439753087,86.34439513462348,88.8074848664146
session_A,18779.28443883466,18798.418218636518,1,fear,0.940289464883589,0.8659686384171532,session_A,18740.721388851995,1,fear,1.1193971619983802,-0.3877879555492906,session_A,18794.41422832214,1,fear,-0.051567839476213594,0.546667032616485,session_A,18796.877318053932,1,fear,-1.5856033746002556,-0.9204557562492998,38.56304998266569,15.129789487480593,17.59287921927171
session_A,18915.955091272222,18908.833800761888,1,fear,1.2003062582593216,0.2893591569571111,session_A,18845.850505059985,1,fear,0.5044446476624683,-0.6990218531039264,session_A,18994.8411175469,1,fear,0.34044044350154545,-0.8760594641105784,session_A,18796.877318053932,1,fear,-1.5856033746002556,-0.9204557562492998,70.10458621223734,78.88602627467844,119.07777321829053
session_A,19006.045142624793,18947.24930123465,1,fear,0.38288573638504947,-3.6484128252147836,session_A,19031.402813145178,1,fear,-1.6088067092699718,0.6685553432567358,session_A,18994.8411175469,1,fear,0.34044044350154545,-0.8760594641105784,,,0,,,,25.357670520385,11.204025077891856,120.0
session_A,19108.131834816937,19108.595528070804,1,fear,-1.1624287801399305,-0.7121020418789388,session_A,19092.548161621427,1,fear,0.7059697466988162,-1.659887881419688,session_A,19190.492889163215,1,happy,1.0642094888580087,0.6886117009788877,session_A,19186.764116985985,1,happy,-1.5403543758484106,-0.11216390011058394,15.583673195509618,82.36105434627825,78.63228216904827
session_A,19191.287457631694,19240.372565623253,1,happy,-0.001919853176346149,0.4080361768812668,session_A,19183.76224999926,1,happy,-0.4419100170796902,-0.18329755642725984,session_A,19190.492889163215,1,happy,1.0642094888580087,0.6886117009788877,session_A,19186.764116985985,1,happy,-1.5403543758484106,-0.11216390011058394,7.525207632432284,0.7945684684782464,4.523340645708231
session_A,19302.358488091482,19281.957808347564,1,happy,-0.10972745169429012,-0.03561073619009093,session_A,19273.755028701577,1,happy,0.980190871671822,0.28117316564347944,session_A,19406.21446159092,1,happy,-1.761289404642545,0.8630875180453551,session_A,19186.764116985985,1,happy,-1.5403543758484106,-0.11216390011058394,28.603459389905765,103.85597349943782,115.59437110549698
session_A,19395.395022715864,19386.640542308047,1,happy,0.9243577571874341,0.03461187418525562,session_A,19427.38552359043,1,happy,1.5756775921706603,-1.7027786118933097,session_A,19406.21446159092,1,happy,-1.761289404642545,0.8630875180453551,,,0,,,,31.99050087456635,10.819438875056221,120.0
session_A,19498.088725248792,19504.01619633131,1,happy,0.6168141996897798,-0.9997122286693814,session_A,19538.994684204496,1,happy,-0.7449829387256415,-0.6320858228089109,session_A,19406.21446159092,1,happy,-1.761289404642545,0.8630875180453551,session_A,19613.06999553404,1,happy,0.3519307708186574,0.47125045784589364,40.90595895570368,91.87426365787178,114.98127028524686
session_A,19619.884225877246,19592.577936300317,1,happy,-1.416842092596874,0.44381270938310463,session_A,19573.943288416922,1,happy,-0.28073340085071186,1.549890566129126,session_A,19603.040186392387,1,happy,-0.9870551545368866,-1.4980397753910466,session_A,19613.06999553404,1,happy,0.3519307708186574,0.47125045784589364,45.94093746032377,16.844039484858513,6.814230343206873
session_A,19672.44712536938,19704.130670878345,1,happy,0.7355830924283736,0.37438645170626306,session_A,19695.873049815895,0,happy,2.106884733278146,-0.5768484731483126,session_A,19603.040186392387,1,happy,-0.9870551545368866,-1.4980397753910466,session_A,19613.06999553404,1,happy,0.3519307708186574,0.47125045784589364,23.425924446513818,69.40693897699384,59.3771298353422
session_A,19774.723156234366,19805.958722789932,0,happy,-0.30261975947044656,-0.4827901587246448,session_A,19738.68921014732,1,happy,1.0275810705538218,-1.0183155323612583,session_A,19805.5207313214,1,happy,-1.3679422773818628,-0.9810993674682146,,,0,,,,36.03394608704548,30.79757508703551,120.0
session_A,19926.626941192135,19932.298660982808,1,happy,1.314807871505905,-0.10973418163018368,session_A,19920.981584222263,0,happy,0.5711740662910472,-0.9716187730129598,session_A,19989.10359335318,1,happy,-1.4220517661401326,-0.8218352964075539,session_A,19996.650679627262,1,happy,0.8630924536109083,-0.814169981986113,5.6453569698715,62.4766521610436,70.0237384351276
session_A,20013.802811692116,20002.18120308739,1,happy,0.13076418791154437,0.823753131876182,session_A,20036.450768182505,1,happy,-0.3761041905595823,-0.4580818016681276,session_A,19989.10359335318,1,happy,-1.4220517661401326,-0.8218352964075539,session_A,19996.650679627262,1,happy,0.8630924536109083,-0.814169981986113,22.647956490389333,24.6992183389375,17.152132064853504
session_A,20086.872835145274,20092.539484814955,1,happy,0.6339103777337424,0.002993291199955732,session_A,20072.508779852727,1,happy,-0.40316267693004887,0.5411308382180404,session_A,19989.10359335318,1,happy,-1.4220517661401326,-0.8218352964075539,session_A,19996.650679627262,1,happy,0.8630924536109083,-0.814169981986113,14.364055292546254,97.76924179209527,90.22215551801128
session_A,20212.06142635964,20193.252853667844,1,happy,0.7562481636298061,0.37884260345839443,session_A,20222.368217066116,1,sad,-1.3131677181999373,-0.15461075861990903,session_A,20199.073571920228,1,happy,1.0585528161418154,-1.30177973741351,,,0,,,,10.306790706476022,12.987854439412331,120.0
session_A,20325.96148624135,20290.986594612375,1,happy,-1.6550953431851838,-1.0450437095863023,session_A,20309.16279761025,1,sad,-0.4405078608479934,1.3225043315231224,session_A,20396.65385287709,1,happy,-0.5736696908584189,1.1634958143064738,session_A,20398.459666834242,1,happy,0.4045451930861567,-0.26639707519250877,16.79868863110096,70.69236663573975,72.498180592891
session_A,20400.939119735835,20395.070690900167,1,sad,-0.33683196764059287,0.6197019654824789,session_A,20393.54563207187,1,sad,-0.4332326566230212,0.3277464699519495,session_A,20396.65385287709,1,happy,-0.5736696908584189,1.1634958143064738,session_A,20398.459666834242,1,happy,0.4045451930861567,-0.26639707519250877,7.393487663965061,4.285266858743853,2.4794529015925946
session_A,20505.6888616716,20507.376912231917,1,sad,0.6161346680022383,-2.107953341777443,session_A,20480.5107305786,1,sad,-2.031619568663027,0.21171378417059702,session_A,20396.65385287709,1,happy,-0.5736696908584189,1.1634958143064738,session_A,20398.459666834242,1,happy,0.4045451930861567,-0.26639707519250877,25.17813109299823,109.03500879450803,107.22919483735677
session_A,20560.75621883919,20600.64907868236,1,sad,-0.00463297222434532,1.0455322747896802,session_A,20585.431377945963,1,sad,-0.8812384474360504,0.21744041530326128,session_A,20603.43172312902,1,happy,-0.34284465290983673,0.47969053059753036,,,0,,,,24.675159106773208,42.675504289829405,120.0
session_A,20703.64995086854,20690.993500606855,1,sad,0.48516111254573785,-0.5279176373243135,session_A,20731.414425010404,1,sad,-0.7017669462667825,0.765955452726233,session_A,20603.43172312902,1,happy,-0.34284465290983673,0.47969053059753036,session_A,20810.489528663613,1,happy,-0.7608647450481768,0.5684443055946129,27.764474141862593,100.21822773952226,106.83957779507182
session_A,20817.750453705296,20789.96011577219,1,sad,0.8056786392425009,0.6774013686923024,session_A,20830.948972283506,1,sad,-0.12208388797139179,-2.1925434908074086,session_A,20795.61323569708,1,happy,0.041206066781619685,-0.061515679604637406,session_A,20810.489528663613,1,happy,-0.7608647450481768,0.5684443055946129,13.198518578210496,22.137218008214404,7.26092504168264
session_A,20917.530094307913,20912.574194216686,1,sad,0.10192588737265744,-0.7623234580276522,session_A,20887.743075018352,1,sad,0.24891359867502955,1.008668355954839,session_A,21008.135816385904,1,happy,0.4663287721704166,-1.3169250736329463,session_A,20810.489528663613,1,happy,-0.7608647450481768,0.5684443055946129,29.787019289560703,90.60572207799123,107.04056564429993
session_A,20990.322073615745,21009.766700339256,1,sad,-0.9556251674013979,0.4375122486198699,session_A,20972.87193147306,0,sad,1.5217004527369589,0.35879608390625434,session_A,21008.135816385904,1,happy,0.4663287721704166,-1.3169250736329463,,,0,,,,17.450142142686673,17.81374277015857,120.0
session_A,21096.326765480102,21101.97365958233,1,sad,2.4451301450589167,-1.3773156555203674,session_A,21111.78878088712,1,neutral,0.010982892582401323,1.4359940177677142,session_A,21008.135816385904,1,happy,0.4663287721704166,-1.3169250736329463,session_A,21210.33809441399,1,happy,-1.7040996256474057,0.9268559135765412,15.462015407018043,88.190949094198,114.01132893388785
session_A,21202.697163451772,21207.401094524288,1,sad,0.11834791338820451,0.444726818195233,session_A,21196.986577607935,1,neutral,1.782293792704712,-0.21379686184995605,session_A,21208.014671756395,1,happy,1.4269847672264693,0.0853713816025881,session_A,21210.33809441399,1,happy,-1.7040996256474057,0.9268559135765412,5.71058584383718,5.317508304622606,7.640930962217681
session_A,21326.172903266233,21291.783519403954,1,sad,1.1322345721792477,-0.6443671202130229,session_A,21289.553495137377,1,neutral,-0.0700128588128004,-0.37141773608206863,session_A,21402.040656350942,1,happy,-0.59197880772998,-0.9145762783273513,,,0,,,,36.619408128855866,75.86775308470897,120.0
session_A,21380.704674058776,21408.190426966255,0,sad,1.4451259569265338,-0.07735617982085408,session_A,21376.075589943222,1,neutral,0.542195285724256,0.24468192548734993,session_A,21402.040656350942,1,happy,-0.59197880772998,-0.9145762783273513,,,0,,,,4.629084115553269,21.33598229216659,120.0
session_A,21479.936894664777,21495.872732236057,1,sad,-1.5927942597215277,-0.9128779867188273,session_A,21454.63896168293,1,neutral,-0.8653428321018342,-1.6219251268302093,session_A,21402.040656350942,1,happy,-0.59197880772998,-0.9145762783273513,session_A,21604.097512196233,1,happy,0.5811988119942524,-0.8263431768289082,25.297932981848135,77.89623831383506,124.1606175314555
session_A,21623.742237559345,21650.56579550213,1,neutral,-0.5865850850709007,1.43530015664544,session_A,21593.180410148587,1,neutral,-0.3118913122553999,2.020639698775832,session_A,21588.3779396259,1,sad,-0.4488776202803848,1.5098706831203152,session_A,21604.097512196233,1,happy,0.5811988119942524,-0.8263431768289082,30.56182741075827,35.364297933443595,19.64472536311223
session_A,21697.277542358566,21707.78670013107,1,neutral,0.06191648367995918,0.11039572561221853,session_A,21656.492454013267,1,neutral,-0.10823333832297323,-0.4336274851541877,session_A,21588.3779396259,1,sad,-0.4488776202803848,1.5098706831203152,session_A,21604.097512196233,1,happy,0.5811988119942524,-0.8263431768289082,40.7850883452993,108.89960273266479,93.18003016233342
session_A,21774.83402612362,21772.214746354603,1,neutral,0.653244883281227,-0.2767000900857134,session_A,21754.67946712931,1,neutral,-2.099206342561244,0.8395680907742521,session_A,21796.122153907607,1,sad,0.5457937598499527,1.0973275072028672,,,0,,,,20.1545589943089,21.288127783987875,120.0
session_A,21900.153101281016,21914.30878055248,1,neutral,0.1803639430263982,-0.6560549366409674,session_A,21906.818473568783,1,neutral,0.2013448532149219,0.4395161442914286,session_A,21796.122153907607,1,sad,0.5457937598499527,1.0973275072028672,session_A,21987.43945207132,0,happy,-0.1698744835797392,1.3812790155589258,6.665372287767241,104.03094737340871,87.28635079030573
session_A,21998.792588268076,22028.42533905367,1,neutral,0.4945566553228533,0.9736635113440901,session_A,22031.82188556371,1,neutral,0.6399361658007914,1.4734130814417563,session_A,21990.787251732738,1,sad,1.1136597067412988,-0.8526931146348199,session_A,21987.43945207132,0,happy,-0.1698744835797392,1.3812790155589258,33.029297295634024,8.005336535337847,11.353136196754349
session_A,22120.34178769528,22111.05378518803,1,neutral,0.5983470470748828,0.5196605733465026,session_A,22085.337799461133,1,fear,-0.8158266479844326,-0.9637751872343886,session_A,22203.880980470956,1,sad,0.33695667606019053,-0.8438099785247232,session_A,21987.43945207132,0,happy,-0.1698744835797392,1.3812790155589258,35.00398823414798,83.53919277567547,132.90233562395952
session_A,22212.613016823474,22175.59534851972,1,neutral,-0.7945994551250549,1.3035650678080875,session_A,22146.124511581776,1,fear,0.9679988045538644,-0.08695997560602091,session_A,22203.880980470956,1,sad,0.33695667606019053,-0.8438099785247232,,,0,,,,66.48850524169757,8.732036352517753,120.0
session_A,22326.773169214346,22295.109861093628,1,neutral,-1.1522488412767675,-0.24043719707034283,session_A,22308.334323718478,1,fear,2.158659010704834,0.4698249232049664,session_A,22401.486676620152,1,sad,1.1493768409578178,-0.04473293418786798,session_A,22388.096565118318,1,happy,0.4906069024558882,0.8508609038591928,18.43884549586801,74.71350740580601,61.32339590397169
session_A,22401.42179689412,22420.40624861762,1,neutral,-0.36127042500344553,0.35203447180292424,session_A,22388.482171676893,1,fear,1.2378836879187305,0.2868911182926047,session_A,22401.486676620152,1,sad,1.1493768409578178,-0.04473293418786798,session_A,22388.096565118318,1,happy,0.4906069024558882,0.8508609038591928,12.939625217226421,0.06487972603281378,13.325231775801512
session_A,22508.105711004788,22500.055953903342,1,neutral,-0.7498133382845175,-0.2358293621748528,session_A,22472.38704073906,1,fear,1.411316985876712,-0.08783567860369966,session_A,22597.03703512271,1,sad,0.3420034574210212,-0.6474594284795192,session_A,22388.096565118318,1,happy,0.4906069024558882,0.8508609038591928,35.71867026572727,88.93132411792249,120.00914588646992
session_A,22595.13720767193,22631.884142360817,0,neutral,-0.09844600230787963,-0.24389611017733773,session_A,22547.435098408034,1,fear,-0.9928468078339396,-0.19649842039810733,session_A,22597.03703512271,1,sad,0.3420034574210212,-0.6474594284795192,,,0,,,,47.702109263897,1.8998274507794122,120.0
session_A,22683.90426766437,22695.264678359785,1,neutral,-0.6858526761766428,1.381707593377797,session_A,22710.49428959907,1,fear,-0.007567296631150636,0.9303778576228922,session_A,22597.03703512271,1,sad,0.3420034574210212,-0.6474594284795192,,,0,,,,26.590021934702236,86.86723254165918,120.0
session_A,22823.191996487727,22801.110683412906,1,fear,0.037227836421576635,-0.08879644771250095,session_A,22790.416215661484,1,fear,-0.6830918015851747,1.5373575518978022,session_A,22797.30056196715,1,sad,0.10744870269731638,-1.0921823270869582,session_A,22803.632630792476,1,happy,-0.0724123388305437,-0.6083674959040184,32.775780826243135,25.891434520577604,19.559365695251472
session_A,22930.9383100549,22858.24700691848,1,fear,-2.001545744438679,-0.5431708310561139,session_A,22961.262195587347,1,fear,-0.9862401105165975,-0.05568505264999431,session_A,22996.07630271445,1,sad,0.3951428190317255,-2.7494353860385554,,,0,,,,30.323885532448912,65.13799265955095,120.0
session_A,23012.421879645754,23008.515569564493,1,fear,-0.3842459128805702,1.0190436932417624,session_A,23056.903950396358,1,happy,-0.32920939835900803,-0.21395314386081168,session_A,22996.07630271445,1,sad,0.3951428190317255,-2.7494353860385554,,,0,,,,44.48207075060418,16.345576931304095,120.0
session_A,23103.313040962887,23117.327836304765,1,fear,0.2726452634321288,-0.5614830267828836,session_A,23128.240962124324,1,happy,-0.08790648736921473,-0.9693985777386207,session_A,22996.07630271445,1,sad,0.3951428190317255,-2.7494353860385554,session_A,23201.860528436522,1,happy,0.5575758428248162,-1.3375436932928941,24.927921161437553,107.23673824843718,98.54748747363556
session_A,23201.991036206415,23200.02411724158,1,fear,1.4729535721895743,-2.4508721285400865,session_A,23197.810099291994,1,happy,1.640354093898311,-0.5136362607149101,session_A,23193.452019180717,1,sad,1.081450469628532,-0.32624368162382816,session_A,23201.860528436522,1,happy,0.5575758428248162,-1.3375436932928941,4.180936914421181,8.53901702569783,0.1305077698925743
session_A,23278.632732325263,23293.46130834376,1,fear,-0.2546081697660301,-1.5073256477730475,session_A,23265.196585574715,1,happy,-1.8978144998997766,1.2865901312872332,session_A,23193.452019180717,1,sad,1.081450469628532,-0.32624368162382816,session_A,23201.860528436522,1,happy,0.5575758428248162,-1.3375436932928941,13.436146750547778,85.18071314454573,76.77220388874048
session_A,23384.504849786576,23444.233633657364,1,fear,1.8017419477471466,-0.4117494176846493,session_A,23351.79714505368,1,happy,0.2681627809553161,-0.9505362071857422,session_A,23384.665473025878,1,sad,-1.131986440076961,0.9610934861202163,,,0,,,,32.70770473289667,0.16062323930236744,120.0
session_A,23479.314328050612,23465.653652561945,0,fear,-0.11688018640852403,-0.9978519832440257,session_A,23425.883675592162,1,happy,-0.7000840296458889,-0.3473828335985318,session_A,23384.665473025878,1,sad,-1.131986440076961,0.9610934861202163,,,0,,,,53.43065245844991,94.64885502473408,120.0
session_A,23571.196294717218,23586.284459750415,1,fear,0.14862709530283086,0.3662095977839374,session_A,23609.674875922137,0,happy,1.4359781248017758,-0.46438039219544847,session_A,23596.80223954968,1,sad,1.7436218672915653,0.768603765496369,session_A,23600.78450130778,1,happy,-0.06166531920654083,0.309002356085701,38.478581204919465,25.605944832463138,29.58820659056073
session_A,23676.23119828517,23715.38434314244,1,fear,-0.8002116966018503,0.6328579146073064,session_A,23685.11682283054,1,happy,1.5657795312032543,0.5086595430180988,session_A,23596.80223954968,1,sad,1.7436218672915653,0.768603765496369,session_A,23600.78450130778,1,happy,-0.06166531920654083,0.309002356085701,8.885624545368046,79.4289587354906,75.446696977393
session_A,23775.225025016596,23794.30844131754,0,fear,0.3653637420637676,0.612965380474599,session_A,23777.260092406326,1,happy,-0.2215961699981027,0.9956348061178324,session_A,23794.07587343599,1,sad,1.0090998037340055,-1.3588772459230156,,,0,,,,2.035067389730102,18.850848419395334,120.0
session_A,23927.57202003082,23918.13519387776,1,fear,-0.25665411639975283,0.7501218121369445,session_A,23902.087044857206,1,happy,-1.0320322451615775,-0.06331985971095996,session_A,23794.07587343599,1,sad,1.0090998037340055,-1.3588772459230156,,,0,,,,25.484975173614657,133.49614659482904,120.0
