class_label,fpr,tpr,auc
negative,0.0,0.0,0.7948540072996351
negative,0.00211864406779661,0.0,0.7948540072996351
negative,0.00211864406779661,0.06981317600786627,0.7948540072996351
negative,0.00423728813559322,0.06981317600786627,0.7948540072996351
negative,0.00423728813559322,0.07374631268436578,0.7948540072996351
negative,0.006355932203389831,0.07374631268436578,0.7948540072996351
negative,0.006355932203389831,0.09144542772861357,0.7948540072996351
negative,0.00847457627118644,0.09144542772861357,0.7948540072996351
negative,0.00847457627118644,0.1160275319567355,0.7948540072996351
negative,0.01059322033898305,0.1160275319567355,0.7948540072996351
negative,0.01059322033898305,0.13667649950835792,0.7948540072996351
negative,0.012711864406779662,0.13667649950835792,0.7948540072996351
negative,0.012711864406779662,0.16027531956735497,0.7948540072996351
negative,0.014830508474576272,0.16027531956735497,0.7948540072996351
negative,0.014830508474576272,0.18387413962635202,0.7948540072996351
negative,0.01694915254237288,0.18387413962635202,0.7948540072996351
negative,0.01694915254237288,0.2055063913470993,0.7948540072996351
negative,0.019067796610169493,0.2055063913470993,0.7948540072996351
negative,0.019067796610169493,0.23697148475909538,0.7948540072996351
negative,0.0211864406779661,0.23697148475909538,0.7948540072996351
negative,0.0211864406779661,0.25172074729596855,0.7948540072996351
negative,0.023305084745762712,0.25172074729596855,0.7948540072996351
negative,0.023305084745762712,0.2576204523107178,0.7948540072996351
negative,0.025423728813559324,0.2576204523107178,0.7948540072996351
negative,0.025423728813559324,0.2586037364798427,0.7948540072996351
negative,0.02754237288135593,0.2586037364798427,0.7948540072996351
negative,0.02754237288135593,0.2723697148475909,0.7948540072996351
negative,0.03177966101694915,0.2723697148475909,0.7948540072996351
negative,0.03177966101694915,0.2782694198623402,0.7948540072996351
negative,0.03389830508474576,0.2782694198623402,0.7948540072996351
negative,0.03389830508474576,0.28023598820059,0.7948540072996351
negative,0.036016949152542374,0.28023598820059,0.7948540072996351
negative,0.036016949152542374,0.3087512291052114,0.7948540072996351
negative,0.038135593220338986,0.3087512291052114,0.7948540072996351
negative,0.038135593220338986,0.32055063913470994,0.7948540072996351
negative,0.04025423728813559,0.32055063913470994,0.7948540072996351
negative,0.04025423728813559,0.32645034414945917,0.7948540072996351
negative,0.0423728813559322,0.32645034414945917,0.7948540072996351
negative,0.0423728813559322,0.3352999016715831,0.7948540072996351
negative,0.04449152542372881,0.3352999016715831,0.7948540072996351
negative,0.04449152542372881,0.34316617502458213,0.7948540072996351
negative,0.046610169491525424,0.34316617502458213,0.7948540072996351
negative,0.046610169491525424,0.37364798426745327,0.7948540072996351
negative,0.048728813559322036,0.37364798426745327,0.7948540072996351
negative,0.048728813559322036,0.3824975417895772,0.7948540072996351
negative,0.05084745762711865,0.3824975417895772,0.7948540072996351
negative,0.05084745762711865,0.3952802359882006,0.7948540072996351
negative,0.05296610169491525,0.3952802359882006,0.7948540072996351
negative,0.05296610169491525,0.4051130776794494,0.7948540072996351
negative,0.05508474576271186,0.4051130776794494,0.7948540072996351
negative,0.05508474576271186,0.41494591937069814,0.7948540072996351
negative,0.059322033898305086,0.41494591937069814,0.7948540072996351
negative,0.059322033898305086,0.41887905604719766,0.7948540072996351
negative,0.0614406779661017,0.41887905604719766,0.7948540072996351
negative,0.0614406779661017,0.4326450344149459,0.7948540072996351
negative,0.0635593220338983,0.4326450344149459,0.7948540072996351
negative,0.0635593220338983,0.43756145526057033,0.7948540072996351
negative,0.06567796610169492,0.43756145526057033,0.7948540072996351
negative,0.06567796610169492,0.4473942969518191,0.7948540072996351
negative,0.06779661016949153,0.4473942969518191,0.7948540072996351
negative,0.06779661016949153,0.44936086529006886,0.7948540072996351
negative,0.06991525423728813,0.44936086529006886,0.7948540072996351
negative,0.06991525423728813,0.4503441494591937,0.7948540072996351
negative,0.07203389830508475,0.4503441494591937,0.7948540072996351
negative,0.07203389830508475,0.4552605703048181,0.7948540072996351
negative,0.07415254237288135,0.4552605703048181,0.7948540072996351
negative,0.07415254237288135,0.45624385447394294,0.7948540072996351
negative,0.07627118644067797,0.45624385447394294,0.7948540072996351
negative,0.07627118644067797,0.45722713864306785,0.7948540072996351
negative,0.08050847457627118,0.45722713864306785,0.7948540072996351
negative,0.08050847457627118,0.46214355948869223,0.7948540072996351
negative,0.0826271186440678,0.46214355948869223,0.7948540072996351
negative,0.0826271186440678,0.464110127826942,0.7948540072996351
negative,0.0847457627118644,0.464110127826942,0.7948540072996351
negative,0.0847457627118644,0.46607669616519176,0.7948540072996351
negative,0.08686440677966102,0.46607669616519176,0.7948540072996351
negative,0.08686440677966102,0.4749262536873156,0.7948540072996351
negative,0.08898305084745763,0.4749262536873156,0.7948540072996351
negative,0.08898305084745763,0.4916420845624385,0.7948540072996351
negative,0.09322033898305085,0.4916420845624385,0.7948540072996351
negative,0.09322033898305085,0.4995083579154376,0.7948540072996351
negative,0.09745762711864407,0.4995083579154376,0.7948540072996351
negative,0.09745762711864407,0.5014749262536873,0.7948540072996351
negative,0.1016949152542373,0.5014749262536873,0.7948540072996351
negative,0.1016949152542373,0.504424778761062,0.7948540072996351
negative,0.1038135593220339,0.504424778761062,0.7948540072996351
negative,0.1038135593220339,0.5054080629301868,0.7948540072996351
negative,0.11228813559322035,0.5054080629301868,0.7948540072996351
negative,0.11228813559322035,0.5093411996066863,0.7948540072996351
negative,0.11440677966101695,0.5093411996066863,0.7948540072996351
negative,0.11440677966101695,0.5132743362831859,0.7948540072996351
negative,0.11652542372881355,0.5132743362831859,0.7948540072996351
negative,0.11652542372881355,0.5250737463126843,0.7948540072996351
negative,0.11864406779661017,0.5250737463126843,0.7948540072996351
negative,0.11864406779661017,0.5309734513274337,0.7948540072996351
negative,0.1228813559322034,0.5309734513274337,0.7948540072996351
negative,0.1228813559322034,0.5319567354965585,0.7948540072996351
negative,0.125,0.5319567354965585,0.7948540072996351
negative,0.125,0.5339233038348082,0.7948540072996351
negative,0.1271186440677966,0.5339233038348082,0.7948540072996351
negative,0.1271186440677966,0.5349065880039331,0.7948540072996351
negative,0.13135593220338984,0.5349065880039331,0.7948540072996351
negative,0.13135593220338984,0.5457227138643068,0.7948540072996351
negative,0.13347457627118645,0.5457227138643068,0.7948540072996351
negative,0.13347457627118645,0.5624385447394297,0.7948540072996351
negative,0.13559322033898305,0.5624385447394297,0.7948540072996351
negative,0.13559322033898305,0.5742379547689282,0.7948540072996351
negative,0.13983050847457626,0.5742379547689282,0.7948540072996351
negative,0.13983050847457626,0.5811209439528023,0.7948540072996351
negative,0.1419491525423729,0.5811209439528023,0.7948540072996351
negative,0.1419491525423729,0.5821042281219272,0.7948540072996351
negative,0.1440677966101695,0.5821042281219272,0.7948540072996351
negative,0.1440677966101695,0.5830875122910522,0.7948540072996351
negative,0.1461864406779661,0.5830875122910522,0.7948540072996351
negative,0.1461864406779661,0.5889872173058014,0.7948540072996351
negative,0.1483050847457627,0.5889872173058014,0.7948540072996351
negative,0.1483050847457627,0.5939036381514258,0.7948540072996351
negative,0.1504237288135593,0.5939036381514258,0.7948540072996351
negative,0.1504237288135593,0.5948869223205506,0.7948540072996351
negative,0.15254237288135594,0.5948869223205506,0.7948540072996351
negative,0.15254237288135594,0.599803343166175,0.7948540072996351
negative,0.15466101694915255,0.599803343166175,0.7948540072996351
negative,0.15466101694915255,0.6007866273352999,0.7948540072996351
negative,0.15677966101694915,0.6007866273352999,0.7948540072996351
negative,0.15677966101694915,0.6057030481809242,0.7948540072996351
negative,0.163135593220339,0.6057030481809242,0.7948540072996351
negative,0.163135593220339,0.6066863323500492,0.7948540072996351
negative,0.1652542372881356,0.6066863323500492,0.7948540072996351
negative,0.1652542372881356,0.6106194690265486,0.7948540072996351
negative,0.1673728813559322,0.6106194690265486,0.7948540072996351
negative,0.1673728813559322,0.615535889872173,0.7948540072996351
negative,0.1694915254237288,0.615535889872173,0.7948540072996351
negative,0.1694915254237288,0.6234021632251721,0.7948540072996351
negative,0.1716101694915254,0.6234021632251721,0.7948540072996351
negative,0.1716101694915254,0.6283185840707964,0.7948540072996351
negative,0.17372881355932204,0.6283185840707964,0.7948540072996351
negative,0.17372881355932204,0.6293018682399213,0.7948540072996351
negative,0.17584745762711865,0.6293018682399213,0.7948540072996351
negative,0.17584745762711865,0.6352015732546706,0.7948540072996351
negative,0.17796610169491525,0.6352015732546706,0.7948540072996351
negative,0.17796610169491525,0.6361848574237955,0.7948540072996351
negative,0.18008474576271186,0.6361848574237955,0.7948540072996351
negative,0.18008474576271186,0.6381514257620452,0.7948540072996351
negative,0.18220338983050846,0.6381514257620452,0.7948540072996351
negative,0.18220338983050846,0.63913470993117,0.7948540072996351
negative,0.1864406779661017,0.63913470993117,0.7948540072996351
negative,0.1864406779661017,0.640117994100295,0.7948540072996351
negative,0.19279661016949154,0.640117994100295,0.7948540072996351
negative,0.19279661016949154,0.6430678466076696,0.7948540072996351
negative,0.19915254237288135,0.6430678466076696,0.7948540072996351
negative,0.19915254237288135,0.6450344149459194,0.7948540072996351
negative,0.20127118644067796,0.6450344149459194,0.7948540072996351
negative,0.20127118644067796,0.647984267453294,0.7948540072996351
negative,0.211864406779661,0.647984267453294,0.7948540072996351
negative,0.211864406779661,0.6568338249754179,0.7948540072996351
negative,0.21398305084745764,0.6568338249754179,0.7948540072996351
negative,0.21398305084745764,0.6627335299901671,0.7948540072996351
negative,0.21610169491525424,0.6627335299901671,0.7948540072996351
negative,0.21610169491525424,0.6676499508357916,0.7948540072996351
negative,0.21822033898305085,0.6676499508357916,0.7948540072996351
negative,0.21822033898305085,0.671583087512291,0.7948540072996351
negative,0.22033898305084745,0.671583087512291,0.7948540072996351
negative,0.22033898305084745,0.672566371681416,0.7948540072996351
negative,0.22245762711864406,0.672566371681416,0.7948540072996351
negative,0.22245762711864406,0.6784660766961652,0.7948540072996351
negative,0.2245762711864407,0.6784660766961652,0.7948540072996351
negative,0.2245762711864407,0.6833824975417896,0.7948540072996351
negative,0.2266949152542373,0.6833824975417896,0.7948540072996351
negative,0.2266949152542373,0.6843657817109144,0.7948540072996351
negative,0.2309322033898305,0.6843657817109144,0.7948540072996351
negative,0.2309322033898305,0.6863323500491643,0.7948540072996351
negative,0.23728813559322035,0.6863323500491643,0.7948540072996351
negative,0.23728813559322035,0.6873156342182891,0.7948540072996351
negative,0.23940677966101695,0.6873156342182891,0.7948540072996351
negative,0.23940677966101695,0.688298918387414,0.7948540072996351
negative,0.24152542372881355,0.688298918387414,0.7948540072996351
negative,0.24152542372881355,0.6981317600786627,0.7948540072996351
negative,0.2521186440677966,0.6981317600786627,0.7948540072996351
negative,0.2521186440677966,0.704031465093412,0.7948540072996351
negative,0.2542372881355932,0.704031465093412,0.7948540072996351
negative,0.2542372881355932,0.7109144542772862,0.7948540072996351
negative,0.2563559322033898,0.7109144542772862,0.7948540072996351
negative,0.2563559322033898,0.7138643067846607,0.7948540072996351
negative,0.2627118644067797,0.7138643067846607,0.7948540072996351
negative,0.2627118644067797,0.7168141592920354,0.7948540072996351
negative,0.2648305084745763,0.7168141592920354,0.7948540072996351
negative,0.2648305084745763,0.7197640117994101,0.7948540072996351
negative,0.2669491525423729,0.7197640117994101,0.7948540072996351
negative,0.2669491525423729,0.7256637168141593,0.7948540072996351
negative,0.2690677966101695,0.7256637168141593,0.7948540072996351
negative,0.2690677966101695,0.7266470009832842,0.7948540072996351
negative,0.2711864406779661,0.7266470009832842,0.7948540072996351
negative,0.2711864406779661,0.727630285152409,0.7948540072996351
negative,0.2775423728813559,0.727630285152409,0.7948540072996351
negative,0.2775423728813559,0.7286135693215339,0.7948540072996351
negative,0.2796610169491525,0.7286135693215339,0.7948540072996351
negative,0.2796610169491525,0.7295968534906588,0.7948540072996351
negative,0.2860169491525424,0.7295968534906588,0.7948540072996351
negative,0.2860169491525424,0.7335299901671584,0.7948540072996351
negative,0.2923728813559322,0.7335299901671584,0.7948540072996351
negative,0.2923728813559322,0.7384464110127827,0.7948540072996351
negative,0.298728813559322,0.7384464110127827,0.7948540072996351
negative,0.298728813559322,0.7394296951819076,0.7948540072996351
negative,0.3029661016949153,0.7394296951819076,0.7948540072996351
negative,0.3029661016949153,0.7413962635201573,0.7948540072996351
negative,0.3050847457627119,0.7413962635201573,0.7948540072996351
negative,0.3050847457627119,0.7423795476892822,0.7948540072996351
negative,0.3093220338983051,0.7423795476892822,0.7948540072996351
negative,0.3093220338983051,0.7463126843657817,0.7948540072996351
negative,0.3114406779661017,0.7463126843657817,0.7948540072996351
negative,0.3114406779661017,0.7472959685349065,0.7948540072996351
negative,0.3156779661016949,0.7472959685349065,0.7948540072996351
negative,0.3156779661016949,0.7482792527040315,0.7948540072996351
negative,0.3177966101694915,0.7482792527040315,0.7948540072996351
negative,0.3177966101694915,0.7492625368731564,0.7948540072996351
negative,0.3241525423728814,0.7492625368731564,0.7948540072996351
negative,0.3241525423728814,0.7522123893805309,0.7948540072996351
negative,0.3283898305084746,0.7522123893805309,0.7948540072996351
negative,0.3283898305084746,0.7531956735496559,0.7948540072996351
negative,0.3305084745762712,0.7531956735496559,0.7948540072996351
negative,0.3305084745762712,0.7551622418879056,0.7948540072996351
negative,0.3326271186440678,0.7551622418879056,0.7948540072996351
negative,0.3326271186440678,0.7590953785644051,0.7948540072996351
negative,0.336864406779661,0.7590953785644051,0.7948540072996351
negative,0.336864406779661,0.76007866273353,0.7948540072996351
negative,0.3432203389830508,0.76007866273353,0.7948540072996351
negative,0.3432203389830508,0.7610619469026548,0.7948540072996351
negative,0.3538135593220339,0.7610619469026548,0.7948540072996351
negative,0.3538135593220339,0.7630285152409046,0.7948540072996351
negative,0.3580508474576271,0.7630285152409046,0.7948540072996351
negative,0.3580508474576271,0.7659783677482792,0.7948540072996351
negative,0.3601694915254237,0.7659783677482792,0.7948540072996351
negative,0.3601694915254237,0.7669616519174042,0.7948540072996351
negative,0.3644067796610169,0.7669616519174042,0.7948540072996351
negative,0.3644067796610169,0.767944936086529,0.7948540072996351
negative,0.3686440677966102,0.767944936086529,0.7948540072996351
negative,0.3686440677966102,0.7708947885939036,0.7948540072996351
negative,0.3707627118644068,0.7708947885939036,0.7948540072996351
negative,0.3707627118644068,0.7826941986234022,0.7948540072996351
negative,0.375,0.7826941986234022,0.7948540072996351
negative,0.375,0.7866273352999017,0.7948540072996351
negative,0.3792372881355932,0.7866273352999017,0.7948540072996351
negative,0.3792372881355932,0.7895771878072763,0.7948540072996351
negative,0.3855932203389831,0.7895771878072763,0.7948540072996351
negative,0.3855932203389831,0.7905604719764012,0.7948540072996351
negative,0.3940677966101695,0.7905604719764012,0.7948540072996351
negative,0.3940677966101695,0.7944936086529006,0.7948540072996351
negative,0.3961864406779661,0.7944936086529006,0.7948540072996351
negative,0.3961864406779661,0.7954768928220256,0.7948540072996351
negative,0.3983050847457627,0.7954768928220256,0.7948540072996351
negative,0.3983050847457627,0.799410029498525,0.7948540072996351
negative,0.4004237288135593,0.799410029498525,0.7948540072996351
negative,0.4004237288135593,0.80039331366765,0.7948540072996351
negative,0.4025423728813559,0.80039331366765,0.7948540072996351
negative,0.4025423728813559,0.8023598820058997,0.7948540072996351
negative,0.4046610169491525,0.8023598820058997,0.7948540072996351
negative,0.4046610169491525,0.8053097345132744,0.7948540072996351
negative,0.4088983050847458,0.8053097345132744,0.7948540072996351
negative,0.4088983050847458,0.8082595870206489,0.7948540072996351
negative,0.4110169491525424,0.8082595870206489,0.7948540072996351
negative,0.4110169491525424,0.8102261553588987,0.7948540072996351
negative,0.4152542372881356,0.8102261553588987,0.7948540072996351
negative,0.4152542372881356,0.8131760078662733,0.7948540072996351
negative,0.4173728813559322,0.8131760078662733,0.7948540072996351
negative,0.4173728813559322,0.8141592920353983,0.7948540072996351
negative,0.4216101694915254,0.8141592920353983,0.7948540072996351
negative,0.4216101694915254,0.816125860373648,0.7948540072996351
negative,0.423728813559322,0.816125860373648,0.7948540072996351
negative,0.423728813559322,0.8220255653883972,0.7948540072996351
negative,0.4279661016949153,0.8220255653883972,0.7948540072996351
negative,0.4279661016949153,0.8230088495575221,0.7948540072996351
negative,0.4343220338983051,0.8230088495575221,0.7948540072996351
negative,0.4343220338983051,0.8249754178957719,0.7948540072996351
negative,0.4364406779661017,0.8249754178957719,0.7948540072996351
negative,0.4364406779661017,0.8269419862340216,0.7948540072996351
negative,0.4385593220338983,0.8269419862340216,0.7948540072996351
negative,0.4385593220338983,0.8289085545722714,0.7948540072996351
negative,0.4427966101694915,0.8289085545722714,0.7948540072996351
negative,0.4427966101694915,0.8308751229105211,0.7948540072996351
negative,0.4491525423728814,0.8308751229105211,0.7948540072996351
negative,0.4491525423728814,0.831858407079646,0.7948540072996351
negative,0.4555084745762712,0.831858407079646,0.7948540072996351
negative,0.4555084745762712,0.8348082595870207,0.7948540072996351
negative,0.4576271186440678,0.8348082595870207,0.7948540072996351
negative,0.4576271186440678,0.8357915437561455,0.7948540072996351
negative,0.4597457627118644,0.8357915437561455,0.7948540072996351
negative,0.4597457627118644,0.8367748279252704,0.7948540072996351
negative,0.461864406779661,0.8367748279252704,0.7948540072996351
negative,0.461864406779661,0.8377581120943953,0.7948540072996351
negative,0.4639830508474576,0.8377581120943953,0.7948540072996351
negative,0.4639830508474576,0.8407079646017699,0.7948540072996351
negative,0.4682203389830508,0.8407079646017699,0.7948540072996351
negative,0.4682203389830508,0.8456243854473943,0.7948540072996351
negative,0.4724576271186441,0.8456243854473943,0.7948540072996351
negative,0.4724576271186441,0.8466076696165191,0.7948540072996351
negative,0.4788135593220339,0.8466076696165191,0.7948540072996351
negative,0.4788135593220339,0.8475909537856441,0.7948540072996351
negative,0.4830508474576271,0.8475909537856441,0.7948540072996351
negative,0.4830508474576271,0.8495575221238938,0.7948540072996351
negative,0.4851694915254237,0.8495575221238938,0.7948540072996351
negative,0.4851694915254237,0.8505408062930186,0.7948540072996351
negative,0.4872881355932203,0.8505408062930186,0.7948540072996351
negative,0.4872881355932203,0.8544739429695182,0.7948540072996351
negative,0.4936440677966102,0.8544739429695182,0.7948540072996351
negative,0.4936440677966102,0.855457227138643,0.7948540072996351
negative,0.4957627118644068,0.855457227138643,0.7948540072996351
negative,0.4957627118644068,0.856440511307768,0.7948540072996351
negative,0.4978813559322034,0.856440511307768,0.7948540072996351
negative,0.4978813559322034,0.8574237954768928,0.7948540072996351
negative,0.5063559322033898,0.8574237954768928,0.7948540072996351
negative,0.5063559322033898,0.8584070796460177,0.7948540072996351
negative,0.5127118644067796,0.8584070796460177,0.7948540072996351
negative,0.5127118644067796,0.8593903638151426,0.7948540072996351
negative,0.5148305084745762,0.8593903638151426,0.7948540072996351
negative,0.5148305084745762,0.8603736479842674,0.7948540072996351
negative,0.5211864406779662,0.8603736479842674,0.7948540072996351
negative,0.5211864406779662,0.8613569321533924,0.7948540072996351
negative,0.527542372881356,0.8613569321533924,0.7948540072996351
negative,0.527542372881356,0.8623402163225172,0.7948540072996351
negative,0.5317796610169492,0.8623402163225172,0.7948540072996351
negative,0.5317796610169492,0.8652900688298918,0.7948540072996351
negative,0.5338983050847458,0.8652900688298918,0.7948540072996351
negative,0.5338983050847458,0.8682399213372665,0.7948540072996351
negative,0.5360169491525424,0.8682399213372665,0.7948540072996351
negative,0.5360169491525424,0.8711897738446411,0.7948540072996351
negative,0.5402542372881356,0.8711897738446411,0.7948540072996351
negative,0.5402542372881356,0.872173058013766,0.7948540072996351
negative,0.5423728813559322,0.872173058013766,0.7948540072996351
negative,0.5423728813559322,0.8741396263520157,0.7948540072996351
negative,0.5466101694915254,0.8741396263520157,0.7948540072996351
negative,0.5466101694915254,0.8780727630285152,0.7948540072996351
negative,0.548728813559322,0.8780727630285152,0.7948540072996351
negative,0.548728813559322,0.8790560471976401,0.7948540072996351
negative,0.5508474576271186,0.8790560471976401,0.7948540072996351
negative,0.5508474576271186,0.8820058997050148,0.7948540072996351
negative,0.5550847457627118,0.8820058997050148,0.7948540072996351
negative,0.5550847457627118,0.8849557522123894,0.7948540072996351
negative,0.559322033898305,0.8849557522123894,0.7948540072996351
negative,0.559322033898305,0.8859390363815143,0.7948540072996351
negative,0.5635593220338984,0.8859390363815143,0.7948540072996351
negative,0.5635593220338984,0.887905604719764,0.7948540072996351
negative,0.565677966101695,0.887905604719764,0.7948540072996351
negative,0.565677966101695,0.8888888888888888,0.7948540072996351
negative,0.5677966101694916,0.8888888888888888,0.7948540072996351
negative,0.5677966101694916,0.8908554572271387,0.7948540072996351
negative,0.5699152542372882,0.8908554572271387,0.7948540072996351
negative,0.5699152542372882,0.8918387413962635,0.7948540072996351
negative,0.5720338983050848,0.8918387413962635,0.7948540072996351
negative,0.5720338983050848,0.8928220255653884,0.7948540072996351
negative,0.576271186440678,0.8928220255653884,0.7948540072996351
negative,0.576271186440678,0.895771878072763,0.7948540072996351
negative,0.5889830508474576,0.895771878072763,0.7948540072996351
negative,0.5889830508474576,0.8967551622418879,0.7948540072996351
negative,0.5911016949152542,0.8967551622418879,0.7948540072996351
negative,0.5911016949152542,0.9016715830875123,0.7948540072996351
negative,0.5995762711864406,0.9016715830875123,0.7948540072996351
negative,0.5995762711864406,0.9036381514257621,0.7948540072996351
negative,0.6016949152542372,0.9036381514257621,0.7948540072996351
negative,0.6016949152542372,0.9075712881022615,0.7948540072996351
negative,0.6038135593220338,0.9075712881022615,0.7948540072996351
negative,0.6038135593220338,0.9085545722713865,0.7948540072996351
negative,0.6059322033898306,0.9085545722713865,0.7948540072996351
negative,0.6059322033898306,0.9095378564405113,0.7948540072996351
negative,0.6101694915254238,0.9095378564405113,0.7948540072996351
negative,0.6101694915254238,0.9105211406096362,0.7948540072996351
negative,0.6122881355932204,0.9105211406096362,0.7948540072996351
negative,0.6122881355932204,0.9124877089478859,0.7948540072996351
negative,0.6165254237288136,0.9124877089478859,0.7948540072996351
negative,0.6165254237288136,0.9144542772861357,0.7948540072996351
negative,0.6207627118644068,0.9144542772861357,0.7948540072996351
negative,0.6207627118644068,0.9154375614552606,0.7948540072996351
negative,0.625,0.9154375614552606,0.7948540072996351
negative,0.625,0.9174041297935103,0.7948540072996351
negative,0.6271186440677966,0.9174041297935103,0.7948540072996351
negative,0.6271186440677966,0.9183874139626352,0.7948540072996351
negative,0.6313559322033898,0.9183874139626352,0.7948540072996351
negative,0.6313559322033898,0.9193706981317601,0.7948540072996351
negative,0.6334745762711864,0.9193706981317601,0.7948540072996351
negative,0.6334745762711864,0.9203539823008849,0.7948540072996351
negative,0.6398305084745762,0.9203539823008849,0.7948540072996351
negative,0.6398305084745762,0.9223205506391348,0.7948540072996351
negative,0.6419491525423728,0.9223205506391348,0.7948540072996351
negative,0.6419491525423728,0.9233038348082596,0.7948540072996351
negative,0.6461864406779662,0.9233038348082596,0.7948540072996351
negative,0.6461864406779662,0.9242871189773845,0.7948540072996351
negative,0.6483050847457628,0.9242871189773845,0.7948540072996351
negative,0.6483050847457628,0.9252704031465093,0.7948540072996351
negative,0.6504237288135594,0.9252704031465093,0.7948540072996351
negative,0.6504237288135594,0.9272369714847591,0.7948540072996351
negative,0.6567796610169492,0.9272369714847591,0.7948540072996351
negative,0.6567796610169492,0.9311701081612586,0.7948540072996351
negative,0.6588983050847458,0.9311701081612586,0.7948540072996351
negative,0.6588983050847458,0.9321533923303835,0.7948540072996351
negative,0.6610169491525424,0.9321533923303835,0.7948540072996351
negative,0.6610169491525424,0.9331366764995084,0.7948540072996351
negative,0.6652542372881356,0.9331366764995084,0.7948540072996351
negative,0.6652542372881356,0.9341199606686332,0.7948540072996351
negative,0.6673728813559322,0.9341199606686332,0.7948540072996351
negative,0.6673728813559322,0.9351032448377581,0.7948540072996351
negative,0.6694915254237288,0.9351032448377581,0.7948540072996351
negative,0.6694915254237288,0.9360865290068829,0.7948540072996351
negative,0.6716101694915254,0.9360865290068829,0.7948540072996351
negative,0.6716101694915254,0.9390363815142576,0.7948540072996351
negative,0.6800847457627118,0.9390363815142576,0.7948540072996351
negative,0.6800847457627118,0.9429695181907571,0.7948540072996351
negative,0.6822033898305084,0.9429695181907571,0.7948540072996351
negative,0.6822033898305084,0.9469026548672567,0.7948540072996351
negative,0.6927966101694916,0.9469026548672567,0.7948540072996351
negative,0.6927966101694916,0.9478859390363815,0.7948540072996351
negative,0.701271186440678,0.9478859390363815,0.7948540072996351
negative,0.701271186440678,0.9488692232055064,0.7948540072996351
negative,0.7097457627118644,0.9488692232055064,0.7948540072996351
negative,0.7097457627118644,0.9498525073746312,0.7948540072996351
negative,0.711864406779661,0.9498525073746312,0.7948540072996351
negative,0.711864406779661,0.9508357915437562,0.7948540072996351
negative,0.7203389830508474,0.9508357915437562,0.7948540072996351
negative,0.7203389830508474,0.951819075712881,0.7948540072996351
negative,0.7266949152542372,0.951819075712881,0.7948540072996351
negative,0.7266949152542372,0.9547689282202556,0.7948540072996351
negative,0.739406779661017,0.9547689282202556,0.7948540072996351
negative,0.739406779661017,0.9557522123893806,0.7948540072996351
negative,0.75,0.9557522123893806,0.7948540072996351
negative,0.75,0.9567354965585054,0.7948540072996351
negative,0.7584745762711864,0.9567354965585054,0.7948540072996351
negative,0.7584745762711864,0.9577187807276303,0.7948540072996351
negative,0.7627118644067796,0.9577187807276303,0.7948540072996351
negative,0.7627118644067796,0.9587020648967551,0.7948540072996351
negative,0.7711864406779662,0.9587020648967551,0.7948540072996351
negative,0.7711864406779662,0.95968534906588,0.7948540072996351
negative,0.7733050847457628,0.95968534906588,0.7948540072996351
negative,0.7733050847457628,0.960668633235005,0.7948540072996351
negative,0.7754237288135594,0.960668633235005,0.7948540072996351
negative,0.7754237288135594,0.9616519174041298,0.7948540072996351
negative,0.7817796610169492,0.9616519174041298,0.7948540072996351
negative,0.7817796610169492,0.9636184857423795,0.7948540072996351
negative,0.7902542372881356,0.9636184857423795,0.7948540072996351
negative,0.7902542372881356,0.9655850540806293,0.7948540072996351
negative,0.798728813559322,0.9655850540806293,0.7948540072996351
negative,0.798728813559322,0.9665683382497542,0.7948540072996351
negative,0.809322033898305,0.9665683382497542,0.7948540072996351
negative,0.809322033898305,0.967551622418879,0.7948540072996351
negative,0.8177966101694916,0.967551622418879,0.7948540072996351
negative,0.8177966101694916,0.9695181907571289,0.7948540072996351
negative,0.8220338983050848,0.9695181907571289,0.7948540072996351
negative,0.8220338983050848,0.9714847590953786,0.7948540072996351
negative,0.8580508474576272,0.9714847590953786,0.7948540072996351
negative,0.8580508474576272,0.9734513274336283,0.7948540072996351
negative,0.8622881355932204,0.9734513274336283,0.7948540072996351
negative,0.8622881355932204,0.9754178957718781,0.7948540072996351
negative,0.8665254237288136,0.9754178957718781,0.7948540072996351
negative,0.8665254237288136,0.976401179941003,0.7948540072996351
negative,0.8686440677966102,0.976401179941003,0.7948540072996351
negative,0.8686440677966102,0.9773844641101278,0.7948540072996351
negative,0.8728813559322034,0.9773844641101278,0.7948540072996351
negative,0.8728813559322034,0.9783677482792527,0.7948540072996351
negative,0.8771186440677966,0.9783677482792527,0.7948540072996351
negative,0.8771186440677966,0.9793510324483776,0.7948540072996351
negative,0.8792372881355932,0.9793510324483776,0.7948540072996351
negative,0.8792372881355932,0.9803343166175025,0.7948540072996351
negative,0.8813559322033898,0.9803343166175025,0.7948540072996351
negative,0.8813559322033898,0.9813176007866273,0.7948540072996351
negative,0.885593220338983,0.9813176007866273,0.7948540072996351
negative,0.885593220338983,0.9823008849557522,0.7948540072996351
negative,0.8877118644067796,0.9823008849557522,0.7948540072996351
negative,0.8877118644067796,0.983284169124877,0.7948540072996351
negative,0.8961864406779662,0.983284169124877,0.7948540072996351
negative,0.8961864406779662,0.9852507374631269,0.7948540072996351
negative,0.9194915254237288,0.9852507374631269,0.7948540072996351
negative,0.9194915254237288,0.9872173058013766,0.7948540072996351
negative,0.9322033898305084,0.9872173058013766,0.7948540072996351
negative,0.9322033898305084,0.9891838741396264,0.7948540072996351
negative,0.9385593220338984,0.9891838741396264,0.7948540072996351
negative,0.9385593220338984,0.9911504424778761,0.7948540072996351
negative,0.940677966101695,0.9911504424778761,0.7948540072996351
negative,0.940677966101695,0.992133726647001,0.7948540072996351
negative,0.961864406779661,0.992133726647001,0.7948540072996351
negative,0.961864406779661,0.9931170108161259,0.7948540072996351
negative,0.9682203389830508,0.9931170108161259,0.7948540072996351
negative,0.9682203389830508,0.9950835791543756,0.7948540072996351
negative,0.9703389830508474,0.9950835791543756,0.7948540072996351
negative,0.9703389830508474,0.9960668633235005,0.7948540072996351
negative,0.972457627118644,0.9960668633235005,0.7948540072996351
negative,0.972457627118644,0.9970501474926253,0.7948540072996351
negative,0.9809322033898306,0.9970501474926253,0.7948540072996351
negative,0.9809322033898306,0.9980334316617503,0.7948540072996351
negative,0.989406779661017,0.9980334316617503,0.7948540072996351
negative,0.989406779661017,0.9990167158308751,0.7948540072996351
negative,0.9957627118644068,0.9990167158308751,0.7948540072996351
negative,0.9957627118644068,1.0,0.7948540072996351
negative,1.0,1.0,0.7948540072996351
neutral,0.0,0.0,0.8612304116530363
neutral,0.0,0.0045871559633027525,0.8612304116530363
neutral,0.0,0.013761467889908258,0.8612304116530363
neutral,0.0015735641227380016,0.013761467889908258,0.8612304116530363
neutral,0.0015735641227380016,0.022935779816513763,0.8612304116530363
neutral,0.003147128245476003,0.022935779816513763,0.8612304116530363
neutral,0.003147128245476003,0.03211009174311927,0.8612304116530363
neutral,0.003933910306845004,0.03211009174311927,0.8612304116530363
neutral,0.003933910306845004,0.045871559633027525,0.8612304116530363
neutral,0.004720692368214005,0.045871559633027525,0.8612304116530363
neutral,0.004720692368214005,0.06880733944954129,0.8612304116530363
neutral,0.0055074744295830055,0.06880733944954129,0.8612304116530363
neutral,0.0055074744295830055,0.11926605504587157,0.8612304116530363
neutral,0.006294256490952006,0.11926605504587157,0.8612304116530363
neutral,0.006294256490952006,0.12385321100917432,0.8612304116530363
neutral,0.007081038552321007,0.12385321100917432,0.8612304116530363
neutral,0.007081038552321007,0.12844036697247707,0.8612304116530363
neutral,0.00865460267505901,0.12844036697247707,0.8612304116530363
neutral,0.00865460267505901,0.15137614678899083,0.8612304116530363
neutral,0.010228166797797011,0.15137614678899083,0.8612304116530363
neutral,0.010228166797797011,0.1559633027522936,0.8612304116530363
neutral,0.011014948859166011,0.1559633027522936,0.8612304116530363
neutral,0.011014948859166011,0.16055045871559634,0.8612304116530363
neutral,0.014162077104642014,0.16055045871559634,0.8612304116530363
neutral,0.014162077104642014,0.1651376146788991,0.8612304116530363
neutral,0.015735641227380016,0.1651376146788991,0.8612304116530363
neutral,0.015735641227380016,0.1834862385321101,0.8612304116530363
neutral,0.016522423288749016,0.1834862385321101,0.8612304116530363
neutral,0.016522423288749016,0.1926605504587156,0.8612304116530363
neutral,0.01730920535011802,0.1926605504587156,0.8612304116530363
neutral,0.01730920535011802,0.19724770642201836,0.8612304116530363
neutral,0.01809598741148702,0.19724770642201836,0.8612304116530363
neutral,0.01809598741148702,0.2018348623853211,0.8612304116530363
neutral,0.01888276947285602,0.2018348623853211,0.8612304116530363
neutral,0.01888276947285602,0.20642201834862386,0.8612304116530363
neutral,0.021243115656963022,0.20642201834862386,0.8612304116530363
neutral,0.021243115656963022,0.21559633027522937,0.8612304116530363
neutral,0.022029897718332022,0.21559633027522937,0.8612304116530363
neutral,0.022029897718332022,0.22018348623853212,0.8612304116530363
neutral,0.023603461841070025,0.22018348623853212,0.8612304116530363
neutral,0.023603461841070025,0.22477064220183487,0.8612304116530363
neutral,0.024390243902439025,0.22477064220183487,0.8612304116530363
neutral,0.024390243902439025,0.23853211009174313,0.8612304116530363
neutral,0.025177025963808025,0.23853211009174313,0.8612304116530363
neutral,0.025177025963808025,0.24770642201834864,0.8612304116530363
neutral,0.02675059008654603,0.24770642201834864,0.8612304116530363
neutral,0.02675059008654603,0.26146788990825687,0.8612304116530363
neutral,0.02989771833202203,0.26146788990825687,0.8612304116530363
neutral,0.02989771833202203,0.26605504587155965,0.8612304116530363
neutral,0.03461841070023604,0.26605504587155965,0.8612304116530363
neutral,0.03461841070023604,0.27522935779816515,0.8612304116530363
neutral,0.03697875688434304,0.27522935779816515,0.8612304116530363
neutral,0.03697875688434304,0.2798165137614679,0.8612304116530363
neutral,0.03776553894571204,0.2798165137614679,0.8612304116530363
neutral,0.03776553894571204,0.29357798165137616,0.8612304116530363
neutral,0.041699449252557044,0.29357798165137616,0.8612304116530363
neutral,0.041699449252557044,0.2981651376146789,0.8612304116530363
neutral,0.044846577498033044,0.2981651376146789,0.8612304116530363
neutral,0.044846577498033044,0.3073394495412844,0.8612304116530363
neutral,0.045633359559402044,0.3073394495412844,0.8612304116530363
neutral,0.045633359559402044,0.3119266055045872,0.8612304116530363
neutral,0.046420141620771044,0.3119266055045872,0.8612304116530363
neutral,0.046420141620771044,0.3211009174311927,0.8612304116530363
neutral,0.04720692368214005,0.3211009174311927,0.8612304116530363
neutral,0.04720692368214005,0.3302752293577982,0.8612304116530363
neutral,0.04799370574350905,0.3302752293577982,0.8612304116530363
neutral,0.04799370574350905,0.3394495412844037,0.8612304116530363
neutral,0.04878048780487805,0.3394495412844037,0.8612304116530363
neutral,0.04878048780487805,0.3440366972477064,0.8612304116530363
neutral,0.04956726986624705,0.3440366972477064,0.8612304116530363
neutral,0.04956726986624705,0.3532110091743119,0.8612304116530363
neutral,0.05114083398898505,0.3532110091743119,0.8612304116530363
neutral,0.05114083398898505,0.3577981651376147,0.8612304116530363
neutral,0.05350118017309206,0.3577981651376147,0.8612304116530363
neutral,0.05350118017309206,0.3623853211009174,0.8612304116530363
neutral,0.05507474429583006,0.3623853211009174,0.8612304116530363
neutral,0.05507474429583006,0.3669724770642202,0.8612304116530363
neutral,0.05586152635719906,0.3669724770642202,0.8612304116530363
neutral,0.05586152635719906,0.3761467889908257,0.8612304116530363
neutral,0.057435090479937057,0.3761467889908257,0.8612304116530363
neutral,0.057435090479937057,0.3853211009174312,0.8612304116530363
neutral,0.058221872541306056,0.3853211009174312,0.8612304116530363
neutral,0.058221872541306056,0.38990825688073394,0.8612304116530363
neutral,0.06058221872541306,0.38990825688073394,0.8612304116530363
neutral,0.06058221872541306,0.41743119266055045,0.8612304116530363
neutral,0.06215578284815106,0.41743119266055045,0.8612304116530363
neutral,0.06215578284815106,0.42201834862385323,0.8612304116530363
neutral,0.06294256490952006,0.42201834862385323,0.8612304116530363
neutral,0.06294256490952006,0.42660550458715596,0.8612304116530363
neutral,0.06451612903225806,0.42660550458715596,0.8612304116530363
neutral,0.06451612903225806,0.43119266055045874,0.8612304116530363
neutral,0.06687647521636507,0.43119266055045874,0.8612304116530363
neutral,0.06687647521636507,0.43577981651376146,0.8612304116530363
neutral,0.06845003933910307,0.43577981651376146,0.8612304116530363
neutral,0.06845003933910307,0.44036697247706424,0.8612304116530363
neutral,0.07002360346184107,0.44036697247706424,0.8612304116530363
neutral,0.07002360346184107,0.44954128440366975,0.8612304116530363
neutral,0.07081038552321008,0.44954128440366975,0.8612304116530363
neutral,0.07081038552321008,0.4541284403669725,0.8612304116530363
neutral,0.07395751376868608,0.4541284403669725,0.8612304116530363
neutral,0.07395751376868608,0.45871559633027525,0.8612304116530363
neutral,0.07867820613690008,0.45871559633027525,0.8612304116530363
neutral,0.07867820613690008,0.46788990825688076,0.8612304116530363
neutral,0.07946498819826908,0.46788990825688076,0.8612304116530363
neutral,0.07946498819826908,0.4724770642201835,0.8612304116530363
neutral,0.08182533438237609,0.4724770642201835,0.8612304116530363
neutral,0.08182533438237609,0.47706422018348627,0.8612304116530363
neutral,0.08497246262785209,0.47706422018348627,0.8612304116530363
neutral,0.08497246262785209,0.48623853211009177,0.8612304116530363
neutral,0.08575924468922108,0.48623853211009177,0.8612304116530363
neutral,0.08575924468922108,0.4908256880733945,0.8612304116530363
neutral,0.08969315499606609,0.4908256880733945,0.8612304116530363
neutral,0.08969315499606609,0.5,0.8612304116530363
neutral,0.0904799370574351,0.5,0.8612304116530363
neutral,0.0904799370574351,0.5045871559633027,0.8612304116530363
neutral,0.0920535011801731,0.5045871559633027,0.8612304116530363
neutral,0.0920535011801731,0.5137614678899083,0.8612304116530363
neutral,0.0936270653029111,0.5137614678899083,0.8612304116530363
neutral,0.0936270653029111,0.5229357798165137,0.8612304116530363
neutral,0.0959874114870181,0.5229357798165137,0.8612304116530363
neutral,0.0959874114870181,0.5275229357798165,0.8612304116530363
neutral,0.0983477576711251,0.5275229357798165,0.8612304116530363
neutral,0.0983477576711251,0.5321100917431193,0.8612304116530363
neutral,0.0991345397324941,0.5321100917431193,0.8612304116530363
neutral,0.0991345397324941,0.536697247706422,0.8612304116530363
neutral,0.10149488591660111,0.536697247706422,0.8612304116530363
neutral,0.10149488591660111,0.5412844036697247,0.8612304116530363
neutral,0.10857592446892211,0.5412844036697247,0.8612304116530363
neutral,0.10857592446892211,0.5458715596330275,0.8612304116530363
neutral,0.11644374508261211,0.5458715596330275,0.8612304116530363
neutral,0.11644374508261211,0.5504587155963303,0.8612304116530363
neutral,0.11801730920535011,0.5504587155963303,0.8612304116530363
neutral,0.11801730920535011,0.555045871559633,0.8612304116530363
neutral,0.11880409126671912,0.555045871559633,0.8612304116530363
neutral,0.11880409126671912,0.5596330275229358,0.8612304116530363
neutral,0.12037765538945712,0.5596330275229358,0.8612304116530363
neutral,0.12037765538945712,0.5642201834862385,0.8612304116530363
neutral,0.12116443745082613,0.5642201834862385,0.8612304116530363
neutral,0.12116443745082613,0.5688073394495413,0.8612304116530363
neutral,0.12352478363493312,0.5688073394495413,0.8612304116530363
neutral,0.12352478363493312,0.573394495412844,0.8612304116530363
neutral,0.12509834775767112,0.573394495412844,0.8612304116530363
neutral,0.12509834775767112,0.5779816513761468,0.8612304116530363
neutral,0.12745869394177814,0.5779816513761468,0.8612304116530363
neutral,0.12745869394177814,0.5825688073394495,0.8612304116530363
neutral,0.12903225806451613,0.5825688073394495,0.8612304116530363
neutral,0.12903225806451613,0.5871559633027523,0.8612304116530363
neutral,0.13060582218725414,0.5871559633027523,0.8612304116530363
neutral,0.13060582218725414,0.591743119266055,0.8612304116530363
neutral,0.13296616837136113,0.591743119266055,0.8612304116530363
neutral,0.13296616837136113,0.5963302752293578,0.8612304116530363
neutral,0.13453973249409915,0.5963302752293578,0.8612304116530363
neutral,0.13453973249409915,0.6009174311926605,0.8612304116530363
neutral,0.13690007867820614,0.6009174311926605,0.8612304116530363
neutral,0.13690007867820614,0.6055045871559633,0.8612304116530363
neutral,0.14004720692368214,0.6055045871559633,0.8612304116530363
neutral,0.14004720692368214,0.6100917431192661,0.8612304116530363
neutral,0.14319433516915814,0.6100917431192661,0.8612304116530363
neutral,0.14319433516915814,0.6192660550458715,0.8612304116530363
neutral,0.14476789929189615,0.6192660550458715,0.8612304116530363
neutral,0.14476789929189615,0.6284403669724771,0.8612304116530363
neutral,0.14634146341463414,0.6284403669724771,0.8612304116530363
neutral,0.14634146341463414,0.6330275229357798,0.8612304116530363
neutral,0.14948859166011014,0.6330275229357798,0.8612304116530363
neutral,0.14948859166011014,0.6376146788990825,0.8612304116530363
neutral,0.15184893784421716,0.6376146788990825,0.8612304116530363
neutral,0.15184893784421716,0.6422018348623854,0.8612304116530363
neutral,0.15656963021243114,0.6422018348623854,0.8612304116530363
neutral,0.15656963021243114,0.6467889908256881,0.8612304116530363
neutral,0.15735641227380015,0.6467889908256881,0.8612304116530363
neutral,0.15735641227380015,0.6513761467889908,0.8612304116530363
neutral,0.15814319433516916,0.6513761467889908,0.8612304116530363
neutral,0.15814319433516916,0.6559633027522935,0.8612304116530363
neutral,0.15971675845790717,0.6559633027522935,0.8612304116530363
neutral,0.15971675845790717,0.6651376146788991,0.8612304116530363
neutral,0.16050354051927615,0.6651376146788991,0.8612304116530363
neutral,0.16050354051927615,0.6697247706422018,0.8612304116530363
neutral,0.16129032258064516,0.6697247706422018,0.8612304116530363
neutral,0.16129032258064516,0.6743119266055045,0.8612304116530363
neutral,0.16365066876475218,0.6743119266055045,0.8612304116530363
neutral,0.16365066876475218,0.6788990825688074,0.8612304116530363
neutral,0.16443745082612116,0.6788990825688074,0.8612304116530363
neutral,0.16443745082612116,0.6834862385321101,0.8612304116530363
neutral,0.16601101494885917,0.6834862385321101,0.8612304116530363
neutral,0.16601101494885917,0.6880733944954128,0.8612304116530363
neutral,0.16994492525570418,0.6880733944954128,0.8612304116530363
neutral,0.16994492525570418,0.6926605504587156,0.8612304116530363
neutral,0.18017309205350118,0.6926605504587156,0.8612304116530363
neutral,0.18017309205350118,0.6972477064220184,0.8612304116530363
neutral,0.18332022029897718,0.6972477064220184,0.8612304116530363
neutral,0.18332022029897718,0.7018348623853211,0.8612304116530363
neutral,0.1841070023603462,0.7018348623853211,0.8612304116530363
neutral,0.1841070023603462,0.7155963302752294,0.8612304116530363
neutral,0.18961447678992918,0.7155963302752294,0.8612304116530363
neutral,0.18961447678992918,0.7201834862385321,0.8612304116530363
neutral,0.1911880409126672,0.7201834862385321,0.8612304116530363
neutral,0.1911880409126672,0.7247706422018348,0.8612304116530363
neutral,0.1959087332808812,0.7247706422018348,0.8612304116530363
neutral,0.1959087332808812,0.7339449541284404,0.8612304116530363
neutral,0.1982690794649882,0.7339449541284404,0.8612304116530363
neutral,0.1982690794649882,0.7431192660550459,0.8612304116530363
neutral,0.2006294256490952,0.7431192660550459,0.8612304116530363
neutral,0.2006294256490952,0.7477064220183486,0.8612304116530363
neutral,0.2014162077104642,0.7477064220183486,0.8612304116530363
neutral,0.2014162077104642,0.7522935779816514,0.8612304116530363
neutral,0.2037765538945712,0.7522935779816514,0.8612304116530363
neutral,0.2037765538945712,0.7568807339449541,0.8612304116530363
neutral,0.2155782848151062,0.7568807339449541,0.8612304116530363
neutral,0.2155782848151062,0.7614678899082569,0.8612304116530363
neutral,0.21715184893784423,0.7614678899082569,0.8612304116530363
neutral,0.21715184893784423,0.7660550458715596,0.8612304116530363
neutral,0.2187254130605822,0.7660550458715596,0.8612304116530363
neutral,0.2187254130605822,0.7706422018348624,0.8612304116530363
neutral,0.22029897718332023,0.7706422018348624,0.8612304116530363
neutral,0.22029897718332023,0.7752293577981652,0.8612304116530363
neutral,0.2218725413060582,0.7752293577981652,0.8612304116530363
neutral,0.2218725413060582,0.7798165137614679,0.8612304116530363
neutral,0.22423288749016523,0.7798165137614679,0.8612304116530363
neutral,0.22423288749016523,0.7844036697247706,0.8612304116530363
neutral,0.22895357985837922,0.7844036697247706,0.8612304116530363
neutral,0.22895357985837922,0.7935779816513762,0.8612304116530363
neutral,0.23210070810385522,0.7935779816513762,0.8612304116530363
neutral,0.23210070810385522,0.7981651376146789,0.8612304116530363
neutral,0.23288749016522423,0.7981651376146789,0.8612304116530363
neutral,0.23288749016522423,0.8027522935779816,0.8612304116530363
neutral,0.23760818253343824,0.8027522935779816,0.8612304116530363
neutral,0.23760818253343824,0.8073394495412844,0.8612304116530363
neutral,0.24075531077891424,0.8073394495412844,0.8612304116530363
neutral,0.24075531077891424,0.8119266055045872,0.8612304116530363
neutral,0.24154209284028325,0.8119266055045872,0.8612304116530363
neutral,0.24154209284028325,0.8165137614678899,0.8612304116530363
neutral,0.24547600314712825,0.8165137614678899,0.8612304116530363
neutral,0.24547600314712825,0.8211009174311926,0.8612304116530363
neutral,0.25649095200629424,0.8211009174311926,0.8612304116530363
neutral,0.25649095200629424,0.8256880733944955,0.8612304116530363
neutral,0.25885129819040126,0.8256880733944955,0.8612304116530363
neutral,0.25885129819040126,0.8302752293577982,0.8612304116530363
neutral,0.26042486231313927,0.8302752293577982,0.8612304116530363
neutral,0.26042486231313927,0.8348623853211009,0.8612304116530363
neutral,0.27065302911093625,0.8348623853211009,0.8612304116530363
neutral,0.27065302911093625,0.8394495412844036,0.8612304116530363
neutral,0.2816679779701023,0.8394495412844036,0.8612304116530363
neutral,0.2816679779701023,0.8440366972477065,0.8612304116530363
neutral,0.2934697088906373,0.8440366972477065,0.8612304116530363
neutral,0.2934697088906373,0.8486238532110092,0.8612304116530363
neutral,0.3005507474429583,0.8486238532110092,0.8612304116530363
neutral,0.3005507474429583,0.8532110091743119,0.8612304116530363
neutral,0.3076317859952793,0.8532110091743119,0.8612304116530363
neutral,0.3076317859952793,0.8577981651376146,0.8612304116530363
neutral,0.3084185680566483,0.8577981651376146,0.8612304116530363
neutral,0.3084185680566483,0.8623853211009175,0.8612304116530363
neutral,0.3092053501180173,0.8623853211009175,0.8612304116530363
neutral,0.3092053501180173,0.8669724770642202,0.8612304116530363
neutral,0.3147128245476003,0.8669724770642202,0.8612304116530363
neutral,0.3147128245476003,0.8715596330275229,0.8612304116530363
neutral,0.31785995279307633,0.8715596330275229,0.8612304116530363
neutral,0.31785995279307633,0.8761467889908257,0.8612304116530363
neutral,0.31864673485444533,0.8761467889908257,0.8612304116530363
neutral,0.31864673485444533,0.8853211009174312,0.8612304116530363
neutral,0.3296616837136113,0.8853211009174312,0.8612304116530363
neutral,0.3296616837136113,0.8899082568807339,0.8612304116530363
neutral,0.33280881195908735,0.8899082568807339,0.8612304116530363
neutral,0.33280881195908735,0.8944954128440367,0.8612304116530363
neutral,0.33359559402045635,0.8944954128440367,0.8612304116530363
neutral,0.33359559402045635,0.8990825688073395,0.8612304116530363
neutral,0.33438237608182536,0.8990825688073395,0.8612304116530363
neutral,0.33438237608182536,0.9036697247706422,0.8612304116530363
neutral,0.33988985051140835,0.9036697247706422,0.8612304116530363
neutral,0.33988985051140835,0.908256880733945,0.8612304116530363
neutral,0.34382376081825333,0.908256880733945,0.8612304116530363
neutral,0.34382376081825333,0.9128440366972477,0.8612304116530363
neutral,0.3485444531864674,0.9128440366972477,0.8612304116530363
neutral,0.3485444531864674,0.9174311926605505,0.8612304116530363
neutral,0.35641227380015733,0.9174311926605505,0.8612304116530363
neutral,0.35641227380015733,0.9220183486238532,0.8612304116530363
neutral,0.36034618410700237,0.9220183486238532,0.8612304116530363
neutral,0.36034618410700237,0.926605504587156,0.8612304116530363
neutral,0.3776553894571204,0.926605504587156,0.8612304116530363
neutral,0.3776553894571204,0.9311926605504587,0.8612304116530363
neutral,0.3878835562549174,0.9311926605504587,0.8612304116530363
neutral,0.3878835562549174,0.9357798165137615,0.8612304116530363
neutral,0.4051927616050354,0.9357798165137615,0.8612304116530363
neutral,0.4051927616050354,0.9403669724770642,0.8612304116530363
neutral,0.4075531077891424,0.9403669724770642,0.8612304116530363
neutral,0.4075531077891424,0.944954128440367,0.8612304116530363
neutral,0.4500393391030684,0.944954128440367,0.8612304116530363
neutral,0.4500393391030684,0.9495412844036697,0.8612304116530363
neutral,0.45318646734854445,0.9495412844036697,0.8612304116530363
neutral,0.45318646734854445,0.9541284403669725,0.8612304116530363
neutral,0.47206923682140045,0.9541284403669725,0.8612304116530363
neutral,0.47206923682140045,0.9587155963302753,0.8612304116530363
neutral,0.4822974036191975,0.9587155963302753,0.8612304116530363
neutral,0.4822974036191975,0.963302752293578,0.8612304116530363
neutral,0.49331235247836347,0.963302752293578,0.8612304116530363
neutral,0.49331235247836347,0.9678899082568807,0.8612304116530363
neutral,0.5129819040125885,0.9678899082568807,0.8612304116530363
neutral,0.5129819040125885,0.9724770642201835,0.8612304116530363
neutral,0.5177025963808025,0.9724770642201835,0.8612304116530363
neutral,0.5177025963808025,0.9770642201834863,0.8612304116530363
neutral,0.5287175452399685,0.9770642201834863,0.8612304116530363
neutral,0.5287175452399685,0.981651376146789,0.8612304116530363
neutral,0.5381589299763966,0.981651376146789,0.8612304116530363
neutral,0.5381589299763966,0.9862385321100917,0.8612304116530363
neutral,0.5885129819040126,0.9862385321100917,0.8612304116530363
neutral,0.5885129819040126,0.9908256880733946,0.8612304116530363
neutral,0.6428009441384737,0.9908256880733946,0.8612304116530363
neutral,0.6428009441384737,0.9954128440366973,0.8612304116530363
neutral,0.6900078678206137,0.9954128440366973,0.8612304116530363
neutral,0.6900078678206137,1.0,0.8612304116530363
neutral,1.0,1.0,0.8612304116530363
positive,0.0,0.0,0.7981510408364947
positive,0.0,0.003937007874015748,0.7981510408364947
positive,0.0,0.015748031496062992,0.7981510408364947
positive,0.0008097165991902834,0.015748031496062992,0.7981510408364947
positive,0.0008097165991902834,0.031496062992125984,0.7981510408364947
positive,0.0016194331983805667,0.031496062992125984,0.7981510408364947
positive,0.0016194331983805667,0.047244094488188976,0.7981510408364947
positive,0.0024291497975708503,0.047244094488188976,0.7981510408364947
positive,0.0024291497975708503,0.05905511811023622,0.7981510408364947
positive,0.004048582995951417,0.05905511811023622,0.7981510408364947
positive,0.004048582995951417,0.07480314960629922,0.7981510408364947
positive,0.006477732793522267,0.07480314960629922,0.7981510408364947
positive,0.006477732793522267,0.09055118110236221,0.7981510408364947
positive,0.009716599190283401,0.09055118110236221,0.7981510408364947
positive,0.009716599190283401,0.1062992125984252,0.7981510408364947
positive,0.010526315789473684,0.1062992125984252,0.7981510408364947
positive,0.010526315789473684,0.11811023622047244,0.7981510408364947
positive,0.011336032388663968,0.11811023622047244,0.7981510408364947
positive,0.011336032388663968,0.12992125984251968,0.7981510408364947
positive,0.012955465587044534,0.12992125984251968,0.7981510408364947
positive,0.012955465587044534,0.13385826771653545,0.7981510408364947
positive,0.013765182186234818,0.13385826771653545,0.7981510408364947
positive,0.013765182186234818,0.14566929133858267,0.7981510408364947
positive,0.014574898785425101,0.14566929133858267,0.7981510408364947
positive,0.014574898785425101,0.16141732283464566,0.7981510408364947
positive,0.015384615384615385,0.16141732283464566,0.7981510408364947
positive,0.015384615384615385,0.16535433070866143,0.7981510408364947
positive,0.016194331983805668,0.16535433070866143,0.7981510408364947
positive,0.016194331983805668,0.16929133858267717,0.7981510408364947
positive,0.017813765182186234,0.16929133858267717,0.7981510408364947
positive,0.017813765182186234,0.17716535433070865,0.7981510408364947
positive,0.01862348178137652,0.17716535433070865,0.7981510408364947
positive,0.01862348178137652,0.19291338582677164,0.7981510408364947
positive,0.021052631578947368,0.19291338582677164,0.7981510408364947
positive,0.021052631578947368,0.20866141732283464,0.7981510408364947
positive,0.02186234817813765,0.20866141732283464,0.7981510408364947
positive,0.02186234817813765,0.2125984251968504,0.7981510408364947
positive,0.02348178137651822,0.2125984251968504,0.7981510408364947
positive,0.02348178137651822,0.21653543307086615,0.7981510408364947
positive,0.02834008097165992,0.21653543307086615,0.7981510408364947
positive,0.02834008097165992,0.2204724409448819,0.7981510408364947
positive,0.029149797570850202,0.2204724409448819,0.7981510408364947
positive,0.029149797570850202,0.2283464566929134,0.7981510408364947
positive,0.029959514170040485,0.2283464566929134,0.7981510408364947
positive,0.029959514170040485,0.23622047244094488,0.7981510408364947
positive,0.032388663967611336,0.23622047244094488,0.7981510408364947
positive,0.032388663967611336,0.24803149606299213,0.7981510408364947
positive,0.03319838056680162,0.24803149606299213,0.7981510408364947
positive,0.03319838056680162,0.25196850393700787,0.7981510408364947
positive,0.03724696356275304,0.25196850393700787,0.7981510408364947
positive,0.03724696356275304,0.2559055118110236,0.7981510408364947
positive,0.03967611336032389,0.2559055118110236,0.7981510408364947
positive,0.03967611336032389,0.2755905511811024,0.7981510408364947
positive,0.04048582995951417,0.2755905511811024,0.7981510408364947
positive,0.04048582995951417,0.28346456692913385,0.7981510408364947
positive,0.04129554655870445,0.28346456692913385,0.7981510408364947
positive,0.04129554655870445,0.2874015748031496,0.7981510408364947
positive,0.04291497975708502,0.2874015748031496,0.7981510408364947
positive,0.04291497975708502,0.2992125984251969,0.7981510408364947
positive,0.044534412955465584,0.2992125984251969,0.7981510408364947
positive,0.044534412955465584,0.30708661417322836,0.7981510408364947
positive,0.046153846153846156,0.30708661417322836,0.7981510408364947
positive,0.046153846153846156,0.3110236220472441,0.7981510408364947
positive,0.04939271255060729,0.3110236220472441,0.7981510408364947
positive,0.04939271255060729,0.31496062992125984,0.7981510408364947
positive,0.051821862348178135,0.31496062992125984,0.7981510408364947
positive,0.051821862348178135,0.3188976377952756,0.7981510408364947
positive,0.055870445344129556,0.3188976377952756,0.7981510408364947
positive,0.055870445344129556,0.3228346456692913,0.7981510408364947
positive,0.05748987854251012,0.3228346456692913,0.7981510408364947
positive,0.05748987854251012,0.33070866141732286,0.7981510408364947
positive,0.05910931174089069,0.33070866141732286,0.7981510408364947
positive,0.05910931174089069,0.33858267716535434,0.7981510408364947
positive,0.06072874493927125,0.33858267716535434,0.7981510408364947
positive,0.06072874493927125,0.35039370078740156,0.7981510408364947
positive,0.06153846153846154,0.35039370078740156,0.7981510408364947
positive,0.06153846153846154,0.3543307086614173,0.7981510408364947
positive,0.062348178137651825,0.3543307086614173,0.7981510408364947
positive,0.062348178137651825,0.35826771653543305,0.7981510408364947
positive,0.06396761133603239,0.35826771653543305,0.7981510408364947
positive,0.06396761133603239,0.36220472440944884,0.7981510408364947
positive,0.06558704453441296,0.36220472440944884,0.7981510408364947
positive,0.06558704453441296,0.3700787401574803,0.7981510408364947
positive,0.06639676113360324,0.3700787401574803,0.7981510408364947
positive,0.06639676113360324,0.37401574803149606,0.7981510408364947
positive,0.0680161943319838,0.37401574803149606,0.7981510408364947
positive,0.0680161943319838,0.38188976377952755,0.7981510408364947
positive,0.06963562753036437,0.38188976377952755,0.7981510408364947
positive,0.06963562753036437,0.38976377952755903,0.7981510408364947
positive,0.07530364372469636,0.38976377952755903,0.7981510408364947
positive,0.07530364372469636,0.3937007874015748,0.7981510408364947
positive,0.07854251012145749,0.3937007874015748,0.7981510408364947
positive,0.07854251012145749,0.39763779527559057,0.7981510408364947
positive,0.08097165991902834,0.39763779527559057,0.7981510408364947
positive,0.08097165991902834,0.4015748031496063,0.7981510408364947
positive,0.0825910931174089,0.4015748031496063,0.7981510408364947
positive,0.0825910931174089,0.4094488188976378,0.7981510408364947
positive,0.08663967611336032,0.4094488188976378,0.7981510408364947
positive,0.08663967611336032,0.41338582677165353,0.7981510408364947
positive,0.08825910931174089,0.41338582677165353,0.7981510408364947
positive,0.08825910931174089,0.41732283464566927,0.7981510408364947
positive,0.08906882591093117,0.41732283464566927,0.7981510408364947
positive,0.08906882591093117,0.42913385826771655,0.7981510408364947
positive,0.09797570850202429,0.42913385826771655,0.7981510408364947
positive,0.09797570850202429,0.4330708661417323,0.7981510408364947
positive,0.09878542510121457,0.4330708661417323,0.7981510408364947
positive,0.09878542510121457,0.43700787401574803,0.7981510408364947
positive,0.10121457489878542,0.43700787401574803,0.7981510408364947
positive,0.10121457489878542,0.4409448818897638,0.7981510408364947
positive,0.10688259109311742,0.4409448818897638,0.7981510408364947
positive,0.10688259109311742,0.4566929133858268,0.7981510408364947
positive,0.10931174089068826,0.4566929133858268,0.7981510408364947
positive,0.10931174089068826,0.46062992125984253,0.7981510408364947
positive,0.11093117408906883,0.46062992125984253,0.7981510408364947
positive,0.11093117408906883,0.4645669291338583,0.7981510408364947
positive,0.11174089068825911,0.4645669291338583,0.7981510408364947
positive,0.11174089068825911,0.47244094488188976,0.7981510408364947
positive,0.11417004048582996,0.47244094488188976,0.7981510408364947
positive,0.11417004048582996,0.48031496062992124,0.7981510408364947
positive,0.11659919028340081,0.48031496062992124,0.7981510408364947
positive,0.11659919028340081,0.484251968503937,0.7981510408364947
positive,0.11740890688259109,0.484251968503937,0.7981510408364947
positive,0.11740890688259109,0.4881889763779528,0.7981510408364947
positive,0.11902834008097166,0.4881889763779528,0.7981510408364947
positive,0.11902834008097166,0.4921259842519685,0.7981510408364947
positive,0.11983805668016194,0.4921259842519685,0.7981510408364947
positive,0.11983805668016194,0.49606299212598426,0.7981510408364947
positive,0.12064777327935222,0.49606299212598426,0.7981510408364947
positive,0.12064777327935222,0.5078740157480315,0.7981510408364947
positive,0.12307692307692308,0.5078740157480315,0.7981510408364947
positive,0.12307692307692308,0.5275590551181102,0.7981510408364947
positive,0.12874493927125505,0.5275590551181102,0.7981510408364947
positive,0.12874493927125505,0.531496062992126,0.7981510408364947
positive,0.13036437246963561,0.531496062992126,0.7981510408364947
positive,0.13036437246963561,0.5354330708661418,0.7981510408364947
positive,0.13279352226720648,0.5354330708661418,0.7981510408364947
positive,0.13279352226720648,0.5433070866141733,0.7981510408364947
positive,0.13441295546558704,0.5433070866141733,0.7981510408364947
positive,0.13441295546558704,0.547244094488189,0.7981510408364947
positive,0.13522267206477734,0.547244094488189,0.7981510408364947
positive,0.13522267206477734,0.5511811023622047,0.7981510408364947
positive,0.1368421052631579,0.5511811023622047,0.7981510408364947
positive,0.1368421052631579,0.5551181102362205,0.7981510408364947
positive,0.13927125506072874,0.5551181102362205,0.7981510408364947
positive,0.13927125506072874,0.5590551181102362,0.7981510408364947
positive,0.1408906882591093,0.5590551181102362,0.7981510408364947
positive,0.1408906882591093,0.562992125984252,0.7981510408364947
positive,0.14251012145748987,0.562992125984252,0.7981510408364947
positive,0.14251012145748987,0.5669291338582677,0.7981510408364947
positive,0.14412955465587043,0.5669291338582677,0.7981510408364947
positive,0.14412955465587043,0.5708661417322834,0.7981510408364947
positive,0.14493927125506073,0.5708661417322834,0.7981510408364947
positive,0.14493927125506073,0.5748031496062992,0.7981510408364947
positive,0.15303643724696356,0.5748031496062992,0.7981510408364947
positive,0.15303643724696356,0.5787401574803149,0.7981510408364947
positive,0.15465587044534412,0.5787401574803149,0.7981510408364947
positive,0.15465587044534412,0.5866141732283464,0.7981510408364947
positive,0.1562753036437247,0.5866141732283464,0.7981510408364947
positive,0.1562753036437247,0.5905511811023622,0.7981510408364947
positive,0.15708502024291499,0.5905511811023622,0.7981510408364947
positive,0.15708502024291499,0.594488188976378,0.7981510408364947
positive,0.16356275303643725,0.594488188976378,0.7981510408364947
positive,0.16356275303643725,0.5984251968503937,0.7981510408364947
positive,0.1651821862348178,0.5984251968503937,0.7981510408364947
positive,0.1651821862348178,0.6023622047244095,0.7981510408364947
positive,0.1659919028340081,0.6023622047244095,0.7981510408364947
positive,0.1659919028340081,0.6062992125984252,0.7981510408364947
positive,0.1708502024291498,0.6062992125984252,0.7981510408364947
positive,0.1708502024291498,0.610236220472441,0.7981510408364947
positive,0.1757085020242915,0.610236220472441,0.7981510408364947
positive,0.1757085020242915,0.6141732283464567,0.7981510408364947
positive,0.17813765182186234,0.6141732283464567,0.7981510408364947
positive,0.17813765182186234,0.6181102362204725,0.7981510408364947
positive,0.18704453441295546,0.6181102362204725,0.7981510408364947
positive,0.18704453441295546,0.6220472440944882,0.7981510408364947
positive,0.1951417004048583,0.6220472440944882,0.7981510408364947
positive,0.1951417004048583,0.6259842519685039,0.7981510408364947
positive,0.19676113360323888,0.6259842519685039,0.7981510408364947
positive,0.19676113360323888,0.6338582677165354,0.7981510408364947
positive,0.19919028340080971,0.6338582677165354,0.7981510408364947
positive,0.19919028340080971,0.6417322834645669,0.7981510408364947
positive,0.2,0.6417322834645669,0.7981510408364947
positive,0.2,0.6456692913385826,0.7981510408364947
positive,0.20080971659919028,0.6456692913385826,0.7981510408364947
positive,0.20080971659919028,0.6496062992125984,0.7981510408364947
positive,0.2089068825910931,0.6496062992125984,0.7981510408364947
positive,0.2089068825910931,0.6535433070866141,0.7981510408364947
positive,0.21295546558704453,0.6535433070866141,0.7981510408364947
positive,0.21295546558704453,0.65748031496063,0.7981510408364947
positive,0.23481781376518218,0.65748031496063,0.7981510408364947
positive,0.23481781376518218,0.6614173228346457,0.7981510408364947
positive,0.23562753036437248,0.6614173228346457,0.7981510408364947
positive,0.23562753036437248,0.6653543307086615,0.7981510408364947
positive,0.23643724696356275,0.6653543307086615,0.7981510408364947
positive,0.23643724696356275,0.6692913385826772,0.7981510408364947
positive,0.2388663967611336,0.6692913385826772,0.7981510408364947
positive,0.2388663967611336,0.6732283464566929,0.7981510408364947
positive,0.24534412955465587,0.6732283464566929,0.7981510408364947
positive,0.24534412955465587,0.6811023622047244,0.7981510408364947
positive,0.24696356275303644,0.6811023622047244,0.7981510408364947
positive,0.24696356275303644,0.6850393700787402,0.7981510408364947
positive,0.25101214574898784,0.6850393700787402,0.7981510408364947
positive,0.25101214574898784,0.6968503937007874,0.7981510408364947
positive,0.25587044534412956,0.6968503937007874,0.7981510408364947
positive,0.25587044534412956,0.7007874015748031,0.7981510408364947
positive,0.25668016194331983,0.7007874015748031,0.7981510408364947
positive,0.25668016194331983,0.7047244094488189,0.7981510408364947
positive,0.26153846153846155,0.7047244094488189,0.7981510408364947
positive,0.26153846153846155,0.7125984251968503,0.7981510408364947
positive,0.2631578947368421,0.7125984251968503,0.7981510408364947
positive,0.2631578947368421,0.7165354330708661,0.7981510408364947
positive,0.2834008097165992,0.7165354330708661,0.7981510408364947
positive,0.2834008097165992,0.7204724409448819,0.7981510408364947
positive,0.28421052631578947,0.7204724409448819,0.7981510408364947
positive,0.28421052631578947,0.7322834645669292,0.7981510408364947
positive,0.28582995951417006,0.7322834645669292,0.7981510408364947
positive,0.28582995951417006,0.7362204724409449,0.7981510408364947
positive,0.28663967611336033,0.7362204724409449,0.7981510408364947
positive,0.28663967611336033,0.7401574803149606,0.7981510408364947
positive,0.2874493927125506,0.7401574803149606,0.7981510408364947
positive,0.2874493927125506,0.7440944881889764,0.7981510408364947
positive,0.2923076923076923,0.7440944881889764,0.7981510408364947
positive,0.2923076923076923,0.7480314960629921,0.7981510408364947
positive,0.29554655870445345,0.7480314960629921,0.7981510408364947
positive,0.29554655870445345,0.7519685039370079,0.7981510408364947
positive,0.2987854251012146,0.7519685039370079,0.7981510408364947
positive,0.2987854251012146,0.7559055118110236,0.7981510408364947
positive,0.30121457489878545,0.7559055118110236,0.7981510408364947
positive,0.30121457489878545,0.7637795275590551,0.7981510408364947
positive,0.30364372469635625,0.7637795275590551,0.7981510408364947
positive,0.30364372469635625,0.7716535433070866,0.7981510408364947
positive,0.31417004048582997,0.7716535433070866,0.7981510408364947
positive,0.31417004048582997,0.7795275590551181,0.7981510408364947
positive,0.31659919028340083,0.7795275590551181,0.7981510408364947
positive,0.31659919028340083,0.7834645669291339,0.7981510408364947
positive,0.3214574898785425,0.7834645669291339,0.7981510408364947
positive,0.3214574898785425,0.7874015748031497,0.7981510408364947
positive,0.32793522267206476,0.7874015748031497,0.7981510408364947
positive,0.32793522267206476,0.7913385826771654,0.7981510408364947
positive,0.3481781376518219,0.7913385826771654,0.7981510408364947
positive,0.3481781376518219,0.7952755905511811,0.7981510408364947
positive,0.34898785425101214,0.7952755905511811,0.7981510408364947
positive,0.34898785425101214,0.7992125984251969,0.7981510408364947
positive,0.3724696356275304,0.7992125984251969,0.7981510408364947
positive,0.3724696356275304,0.8031496062992126,0.7981510408364947
positive,0.3757085020242915,0.8031496062992126,0.7981510408364947
positive,0.3757085020242915,0.8070866141732284,0.7981510408364947
positive,0.3805668016194332,0.8070866141732284,0.7981510408364947
positive,0.3805668016194332,0.8110236220472441,0.7981510408364947
positive,0.38461538461538464,0.8110236220472441,0.7981510408364947
positive,0.38461538461538464,0.8149606299212598,0.7981510408364947
positive,0.3902834008097166,0.8149606299212598,0.7981510408364947
positive,0.3902834008097166,0.8188976377952756,0.7981510408364947
positive,0.39433198380566803,0.8188976377952756,0.7981510408364947
positive,0.39433198380566803,0.8228346456692913,0.7981510408364947
positive,0.4,0.8228346456692913,0.7981510408364947
positive,0.4,0.8267716535433071,0.7981510408364947
positive,0.41700404858299595,0.8267716535433071,0.7981510408364947
positive,0.41700404858299595,0.8307086614173228,0.7981510408364947
positive,0.4194331983805668,0.8307086614173228,0.7981510408364947
positive,0.4194331983805668,0.8346456692913385,0.7981510408364947
positive,0.42834008097165993,0.8346456692913385,0.7981510408364947
positive,0.42834008097165993,0.8385826771653543,0.7981510408364947
positive,0.4331983805668016,0.8385826771653543,0.7981510408364947
positive,0.4331983805668016,0.84251968503937,0.7981510408364947
positive,0.4340080971659919,0.84251968503937,0.7981510408364947
positive,0.4340080971659919,0.8464566929133859,0.7981510408364947
positive,0.4348178137651822,0.8464566929133859,0.7981510408364947
positive,0.4348178137651822,0.8503937007874016,0.7981510408364947
positive,0.43724696356275305,0.8503937007874016,0.7981510408364947
positive,0.43724696356275305,0.8543307086614174,0.7981510408364947
positive,0.4493927125506073,0.8543307086614174,0.7981510408364947
positive,0.4493927125506073,0.8582677165354331,0.7981510408364947
positive,0.4574898785425101,0.8582677165354331,0.7981510408364947
positive,0.4574898785425101,0.8622047244094488,0.7981510408364947
positive,0.46072874493927124,0.8622047244094488,0.7981510408364947
positive,0.46072874493927124,0.8661417322834646,0.7981510408364947
positive,0.4631578947368421,0.8661417322834646,0.7981510408364947
positive,0.4631578947368421,0.8700787401574803,0.7981510408364947
positive,0.4647773279352227,0.8700787401574803,0.7981510408364947
positive,0.4647773279352227,0.8740157480314961,0.7981510408364947
positive,0.4672064777327935,0.8740157480314961,0.7981510408364947
positive,0.4672064777327935,0.8779527559055118,0.7981510408364947
positive,0.47935222672064776,0.8779527559055118,0.7981510408364947
positive,0.47935222672064776,0.8818897637795275,0.7981510408364947
positive,0.5141700404858299,0.8818897637795275,0.7981510408364947
positive,0.5141700404858299,0.8858267716535433,0.7981510408364947
positive,0.5157894736842106,0.8858267716535433,0.7981510408364947
positive,0.5157894736842106,0.889763779527559,0.7981510408364947
positive,0.5417004048582996,0.889763779527559,0.7981510408364947
positive,0.5417004048582996,0.8937007874015748,0.7981510408364947
positive,0.5465587044534413,0.8937007874015748,0.7981510408364947
positive,0.5465587044534413,0.8976377952755905,0.7981510408364947
positive,0.551417004048583,0.8976377952755905,0.7981510408364947
positive,0.551417004048583,0.9015748031496063,0.7981510408364947
positive,0.5813765182186235,0.9015748031496063,0.7981510408364947
positive,0.5813765182186235,0.9094488188976378,0.7981510408364947
positive,0.5894736842105263,0.9094488188976378,0.7981510408364947
positive,0.5894736842105263,0.9133858267716536,0.7981510408364947
positive,0.5902834008097166,0.9133858267716536,0.7981510408364947
positive,0.5902834008097166,0.9173228346456693,0.7981510408364947
positive,0.594331983805668,0.9173228346456693,0.7981510408364947
positive,0.594331983805668,0.9212598425196851,0.7981510408364947
positive,0.6040485829959514,0.9212598425196851,0.7981510408364947
positive,0.6040485829959514,0.9251968503937008,0.7981510408364947
positive,0.6194331983805668,0.9251968503937008,0.7981510408364947
positive,0.6194331983805668,0.9291338582677166,0.7981510408364947
positive,0.6340080971659919,0.9291338582677166,0.7981510408364947
positive,0.6340080971659919,0.9330708661417323,0.7981510408364947
positive,0.642914979757085,0.9330708661417323,0.7981510408364947
positive,0.642914979757085,0.937007874015748,0.7981510408364947
positive,0.6550607287449393,0.937007874015748,0.7981510408364947
positive,0.6550607287449393,0.9409448818897638,0.7981510408364947
positive,0.6623481781376518,0.9409448818897638,0.7981510408364947
positive,0.6623481781376518,0.9448818897637795,0.7981510408364947
positive,0.6777327935222672,0.9448818897637795,0.7981510408364947
positive,0.6777327935222672,0.9488188976377953,0.7981510408364947
positive,0.6793522267206478,0.9488188976377953,0.7981510408364947
positive,0.6793522267206478,0.952755905511811,0.7981510408364947
positive,0.7044534412955465,0.952755905511811,0.7981510408364947
positive,0.7044534412955465,0.9566929133858267,0.7981510408364947
positive,0.7157894736842105,0.9566929133858267,0.7981510408364947
positive,0.7157894736842105,0.9606299212598425,0.7981510408364947
positive,0.7279352226720648,0.9606299212598425,0.7981510408364947
positive,0.7279352226720648,0.9645669291338582,0.7981510408364947
positive,0.734412955465587,0.9645669291338582,0.7981510408364947
positive,0.734412955465587,0.968503937007874,0.7981510408364947
positive,0.7392712550607288,0.968503937007874,0.7981510408364947
positive,0.7392712550607288,0.9724409448818898,0.7981510408364947
positive,0.7554655870445344,0.9724409448818898,0.7981510408364947
positive,0.7554655870445344,0.9763779527559056,0.7981510408364947
positive,0.8105263157894737,0.9763779527559056,0.7981510408364947
positive,0.8105263157894737,0.9803149606299213,0.7981510408364947
positive,0.8259109311740891,0.9803149606299213,0.7981510408364947
positive,0.8259109311740891,0.984251968503937,0.7981510408364947
positive,0.8477732793522267,0.984251968503937,0.7981510408364947
positive,0.8477732793522267,0.9881889763779528,0.7981510408364947
positive,0.8647773279352227,0.9881889763779528,0.7981510408364947
positive,0.8647773279352227,0.9921259842519685,0.7981510408364947
positive,0.9125506072874494,0.9921259842519685,0.7981510408364947
positive,0.9125506072874494,0.9960629921259843,0.7981510408364947
positive,0.9821862348178138,0.9960629921259843,0.7981510408364947
positive,0.9821862348178138,1.0,0.7981510408364947
positive,1.0,1.0,0.7981510408364947
