model,repeat,fold,fold_index,num_train,num_test,accuracy,macro_f1,weighted_f1,unweighted_recall,best_epoch
logistic_regression,1,1,1,230,58,0.827586,0.825884,0.826689,0.811218,
logistic_regression,1,2,2,230,58,0.775862,0.763678,0.774145,0.768219,
logistic_regression,1,3,3,230,58,0.758621,0.747036,0.7535,0.742915,
logistic_regression,1,4,4,231,57,0.842105,0.826945,0.837347,0.823718,
logistic_regression,1,5,5,231,57,0.736842,0.718258,0.732095,0.718877,
logistic_regression,2,1,6,230,58,0.775862,0.747746,0.759474,0.760256,
logistic_regression,2,2,7,230,58,0.87931,0.877308,0.879655,0.871457,
logistic_regression,2,3,8,230,58,0.775862,0.760472,0.771271,0.768219,
logistic_regression,2,4,9,231,57,0.754386,0.757246,0.757564,0.74865,
logistic_regression,2,5,10,231,57,0.807018,0.79155,0.800744,0.780449,
logistic_regression,3,1,11,230,58,0.793103,0.785185,0.79,0.774679,
logistic_regression,3,2,12,230,58,0.862069,0.850538,0.858431,0.846154,
logistic_regression,3,3,13,230,58,0.758621,0.743215,0.752939,0.736842,
logistic_regression,3,4,14,231,57,0.807018,0.802607,0.807061,0.805078,
logistic_regression,3,5,15,231,57,0.701754,0.687759,0.700844,0.684885,
logistic_regression,4,1,16,230,58,0.87931,0.871579,0.878907,0.86891,
logistic_regression,4,2,17,230,58,0.758621,0.75037,0.755504,0.748988,
logistic_regression,4,3,18,230,58,0.758621,0.736852,0.751458,0.736842,
logistic_regression,4,4,19,231,57,0.684211,0.663238,0.677951,0.66886,
logistic_regression,4,5,20,231,57,0.754386,0.736704,0.746214,0.7333,
logistic_regression,5,1,21,230,58,0.741379,0.725161,0.742979,0.71859,
logistic_regression,5,2,22,230,58,0.741379,0.732921,0.73986,0.729757,
logistic_regression,5,3,23,230,58,0.810345,0.798647,0.80537,0.788462,
logistic_regression,5,4,24,231,57,0.754386,0.743205,0.746398,0.741312,
logistic_regression,5,5,25,231,57,0.701754,0.684202,0.695815,0.68168,
logistic_regression,6,1,26,230,58,0.810345,0.808727,0.809978,0.807051,
logistic_regression,6,2,27,230,58,0.706897,0.675225,0.691982,0.67915,
logistic_regression,6,3,28,230,58,0.689655,0.673906,0.68695,0.672065,
logistic_regression,6,4,29,231,57,0.842105,0.835164,0.840601,0.828188,
logistic_regression,6,5,30,231,57,0.789474,0.775325,0.781711,0.770496,
logistic_regression,7,1,31,230,58,0.758621,0.758493,0.758678,0.737821,
logistic_regression,7,2,32,230,58,0.827586,0.81966,0.823538,0.813765,
logistic_regression,7,3,33,230,58,0.724138,0.702892,0.716787,0.698381,
logistic_regression,7,4,34,231,57,0.736842,0.722614,0.73577,0.726552,
logistic_regression,7,5,35,231,57,0.807018,0.802065,0.809123,0.80027,
logistic_regression,8,1,36,230,58,0.827586,0.80983,0.822636,0.801282,
logistic_regression,8,2,37,230,58,0.706897,0.71029,0.707592,0.709514,
logistic_regression,8,3,38,230,58,0.844828,0.831753,0.846362,0.832996,
logistic_regression,8,4,39,231,57,0.842105,0.837121,0.838517,0.825321,
logistic_regression,8,5,40,231,57,0.77193,0.76182,0.769526,0.755735,
logistic_regression,9,1,41,230,58,0.827586,0.80983,0.822636,0.801282,
logistic_regression,9,2,42,230,58,0.827586,0.832189,0.829844,0.819838,
logistic_regression,9,3,43,230,58,0.775862,0.771614,0.776672,0.768219,
logistic_regression,9,4,44,231,57,0.736842,0.704471,0.719905,0.714406,
logistic_regression,9,5,45,231,57,0.736842,0.723471,0.736447,0.723347,
logistic_regression,10,1,46,230,58,0.706897,0.674635,0.693247,0.676923,
logistic_regression,10,2,47,230,58,0.758621,0.74287,0.753953,0.742915,
logistic_regression,10,3,48,230,58,0.827586,0.816442,0.825086,0.813765,
logistic_regression,10,4,49,231,57,0.824561,0.811538,0.820243,0.812163,
logistic_regression,10,5,50,231,57,0.859649,0.851208,0.856657,0.849022,
rbf_svm,1,1,1,230,58,0.724138,0.710765,0.717612,0.697756,
rbf_svm,1,2,2,230,58,0.706897,0.69633,0.704233,0.685223,
rbf_svm,1,3,3,230,58,0.62069,0.620238,0.618144,0.619433,
rbf_svm,1,4,4,231,57,0.77193,0.762969,0.770702,0.757338,
rbf_svm,1,5,5,231,57,0.614035,0.589708,0.609272,0.594804,
rbf_svm,2,1,6,230,58,0.758621,0.740313,0.749985,0.754487,
rbf_svm,2,2,7,230,58,0.689655,0.675468,0.679484,0.678138,
rbf_svm,2,3,8,230,58,0.758621,0.747412,0.754974,0.748988,
rbf_svm,2,4,9,231,57,0.684211,0.684663,0.688483,0.6778,
rbf_svm,2,5,10,231,57,0.649123,0.615357,0.631554,0.61024,
rbf_svm,3,1,11,230,58,0.672414,0.634524,0.655583,0.638462,
rbf_svm,3,2,12,230,58,0.741379,0.682937,0.699645,0.711538,
rbf_svm,3,3,13,230,58,0.637931,0.614247,0.631445,0.614372,
rbf_svm,3,4,14,231,57,0.789474,0.779461,0.782917,0.773701,
rbf_svm,3,5,15,231,57,0.631579,0.616848,0.632914,0.612433,
rbf_svm,4,1,16,230,58,0.758621,0.740378,0.755834,0.734615,
rbf_svm,4,2,17,230,58,0.637931,0.616071,0.626232,0.620445,
rbf_svm,4,3,18,230,58,0.637931,0.612596,0.632968,0.6083,
rbf_svm,4,4,19,231,57,0.666667,0.642206,0.660964,0.648026,
rbf_svm,4,5,20,231,57,0.701754,0.698604,0.700982,0.693826,
rbf_svm,5,1,21,230,58,0.758621,0.749084,0.760263,0.739423,
rbf_svm,5,2,22,230,58,0.741379,0.73789,0.740374,0.729757,
rbf_svm,5,3,23,230,58,0.724138,0.700699,0.712853,0.698381,
rbf_svm,5,4,24,231,57,0.649123,0.630583,0.638781,0.644146,
rbf_svm,5,5,25,231,57,0.666667,0.646724,0.660808,0.637146,
rbf_svm,6,1,26,230,58,0.741379,0.730461,0.741103,0.726923,
rbf_svm,6,2,27,230,58,0.655172,0.637332,0.649687,0.645749,
rbf_svm,6,3,28,230,58,0.689655,0.660396,0.673038,0.659919,
rbf_svm,6,4,29,231,57,0.736842,0.726077,0.732645,0.714069,
rbf_svm,6,5,30,231,57,0.736842,0.715969,0.727257,0.714406,
rbf_svm,7,1,31,230,58,0.724138,0.711413,0.717991,0.696154,
rbf_svm,7,2,32,230,58,0.775862,0.765159,0.771791,0.762146,
rbf_svm,7,3,33,230,58,0.655172,0.625627,0.639068,0.62753,
rbf_svm,7,4,34,231,57,0.649123,0.637148,0.643674,0.640941,
rbf_svm,7,5,35,231,57,0.684211,0.664027,0.677603,0.67333,
rbf_svm,8,1,36,230,58,0.724138,0.692644,0.714334,0.689423,
rbf_svm,8,2,37,230,58,0.62069,0.621329,0.624155,0.619433,
rbf_svm,8,3,38,230,58,0.741379,0.717345,0.729744,0.717611,
rbf_svm,8,4,39,231,57,0.736842,0.729414,0.73304,0.718877,
rbf_svm,8,5,40,231,57,0.719298,0.706838,0.71397,0.698043,
rbf_svm,9,1,41,230,58,0.724138,0.707069,0.717936,0.699359,
rbf_svm,9,2,42,230,58,0.689655,0.676527,0.681777,0.672065,
rbf_svm,9,3,43,230,58,0.724138,0.724124,0.72544,0.722672,
rbf_svm,9,4,44,231,57,0.719298,0.689148,0.705639,0.701248,
rbf_svm,9,5,45,231,57,0.701754,0.681028,0.699535,0.678812,
rbf_svm,10,1,46,230,58,0.637931,0.61986,0.636089,0.620192,
rbf_svm,10,2,47,230,58,0.689655,0.66379,0.683053,0.665992,
rbf_svm,10,3,48,230,58,0.741379,0.72256,0.73442,0.717611,
rbf_svm,10,4,49,231,57,0.754386,0.741603,0.748397,0.736505,
rbf_svm,10,5,50,231,57,0.824561,0.821238,0.823334,0.81503,
random_forest,1,1,1,230,58,0.758621,0.751016,0.751806,0.746154,
random_forest,1,2,2,230,58,0.655172,0.636306,0.645316,0.62753,
random_forest,1,3,3,230,58,0.637931,0.63232,0.631275,0.626518,
random_forest,1,4,4,231,57,0.77193,0.739007,0.751767,0.748397,
random_forest,1,5,5,231,57,0.578947,0.541514,0.557628,0.55474,
random_forest,2,1,6,230,58,0.775862,0.771759,0.767305,0.76859,
random_forest,2,2,7,230,58,0.689655,0.655463,0.666894,0.659919,
random_forest,2,3,8,230,58,0.775862,0.769455,0.770596,0.768219,
random_forest,2,4,9,231,57,0.631579,0.624815,0.628954,0.620108,
random_forest,2,5,10,231,57,0.614035,0.57197,0.59277,0.571778,
random_forest,3,1,11,230,58,0.586207,0.536675,0.558626,0.5375,
random_forest,3,2,12,230,58,0.775862,0.753419,0.758238,0.756073,
random_forest,3,3,13,230,58,0.655172,0.611655,0.628606,0.615385,
random_forest,3,4,14,231,57,0.754386,0.746159,0.749903,0.73971,
random_forest,3,5,15,231,57,0.631579,0.611246,0.621956,0.600287,
random_forest,4,1,16,230,58,0.741379,0.721582,0.7298,0.713782,
random_forest,4,2,17,230,58,0.655172,0.627943,0.637466,0.621457,
random_forest,4,3,18,230,58,0.603448,0.554694,0.572146,0.569838,
random_forest,4,4,19,231,57,0.684211,0.638528,0.662148,0.649038,
random_forest,4,5,20,231,57,0.649123,0.62552,0.636732,0.622385,
random_forest,5,1,21,230,58,0.655172,0.602728,0.628744,0.614423,
random_forest,5,2,22,230,58,0.706897,0.702178,0.701503,0.691296,
random_forest,5,3,23,230,58,0.827586,0.817788,0.820546,0.807692,
random_forest,5,4,24,231,57,0.736842,0.719148,0.72678,0.714406,
random_forest,5,5,25,231,57,0.631579,0.616589,0.625704,0.604757,
random_forest,6,1,26,230,58,0.637931,0.622382,0.631397,0.606731,
random_forest,6,2,27,230,58,0.637931,0.597367,0.619314,0.6083,
random_forest,6,3,28,230,58,0.758621,0.755645,0.759272,0.742915,
random_forest,6,4,29,231,57,0.719298,0.705042,0.710457,0.69197,
random_forest,6,5,30,231,57,0.631579,0.573914,0.595178,0.586538,
random_forest,7,1,31,230,58,0.655172,0.618365,0.634929,0.609295,
random_forest,7,2,32,230,58,0.637931,0.60353,0.611293,0.596154,
random_forest,7,3,33,230,58,0.62069,0.581528,0.594933,0.595142,
random_forest,7,4,34,231,57,0.666667,0.648649,0.65794,0.648026,
random_forest,7,5,35,231,57,0.719298,0.723738,0.719116,0.723937,
random_forest,8,1,36,230,58,0.62069,0.564116,0.590734,0.570833,
random_forest,8,2,37,230,58,0.603448,0.599396,0.601757,0.588057,
random_forest,8,3,38,230,58,0.724138,0.692099,0.70596,0.692308,
random_forest,8,4,39,231,57,0.666667,0.626804,0.636398,0.634278,
random_forest,8,5,40,231,57,0.666667,0.635301,0.645193,0.641616,
random_forest,9,1,41,230,58,0.741379,0.723665,0.735367,0.711859,
random_forest,9,2,42,230,58,0.655172,0.622536,0.628402,0.621457,
random_forest,9,3,43,230,58,0.706897,0.683652,0.695688,0.67915,
random_forest,9,4,44,231,57,0.684211,0.649324,0.66125,0.656714,
random_forest,9,5,45,231,57,0.631579,0.606101,0.624363,0.603155,
random_forest,10,1,46,230,58,0.655172,0.618597,0.635543,0.617628,
random_forest,10,2,47,230,58,0.689655,0.678116,0.684428,0.665992,
random_forest,10,3,48,230,58,0.655172,0.607801,0.625884,0.621457,
random_forest,10,4,49,231,57,0.789474,0.783004,0.786409,0.772099,
random_forest,10,5,50,231,57,0.736842,0.724019,0.728853,0.720479,
extra_trees,1,1,1,230,58,0.758621,0.742857,0.748768,0.737821,
extra_trees,1,2,2,230,58,0.655172,0.643865,0.650821,0.633603,
extra_trees,1,3,3,230,58,0.672414,0.660386,0.665634,0.652834,
extra_trees,1,4,4,231,57,0.77193,0.743787,0.757531,0.746795,
extra_trees,1,5,5,231,57,0.596491,0.573662,0.584432,0.581646,
extra_trees,2,1,6,230,58,0.793103,0.778518,0.785531,0.777885,
extra_trees,2,2,7,230,58,0.724138,0.694387,0.707193,0.698381,
extra_trees,2,3,8,230,58,0.758621,0.743551,0.748301,0.755061,
extra_trees,2,4,9,231,57,0.666667,0.651804,0.661268,0.646424,
extra_trees,2,5,10,231,57,0.684211,0.648533,0.664044,0.642628,
extra_trees,3,1,11,230,58,0.62069,0.58348,0.601903,0.577564,
extra_trees,3,2,12,230,58,0.810345,0.788736,0.795813,0.794534,
extra_trees,3,3,13,230,58,0.637931,0.604674,0.619708,0.602227,
extra_trees,3,4,14,231,57,0.77193,0.761563,0.762396,0.762146,
extra_trees,3,5,15,231,57,0.631579,0.610707,0.626375,0.60636,
extra_trees,4,1,16,230,58,0.724138,0.694628,0.711728,0.687821,
extra_trees,4,2,17,230,58,0.672414,0.649374,0.662135,0.646761,
extra_trees,4,3,18,230,58,0.637931,0.607511,0.621126,0.6083,
extra_trees,4,4,19,231,57,0.684211,0.628268,0.651071,0.650641,
extra_trees,4,5,20,231,57,0.614035,0.60119,0.608605,0.591599,
extra_trees,5,1,21,230,58,0.637931,0.581127,0.608998,0.595192,
extra_trees,5,2,22,230,58,0.655172,0.634813,0.642418,0.62753,
extra_trees,5,3,23,230,58,0.758621,0.730404,0.740302,0.730769,
extra_trees,5,4,24,231,57,0.701754,0.68058,0.686832,0.675945,
extra_trees,5,5,25,231,57,0.666667,0.652175,0.661497,0.643219,
extra_trees,6,1,26,230,58,0.637931,0.622594,0.632149,0.611859,
extra_trees,6,2,27,230,58,0.655172,0.624027,0.644353,0.633603,
extra_trees,6,3,28,230,58,0.741379,0.732534,0.736692,0.723684,
extra_trees,6,4,29,231,57,0.719298,0.698393,0.707097,0.685897,
extra_trees,6,5,30,231,57,0.631579,0.59058,0.608238,0.594214,
extra_trees,7,1,31,230,58,0.655172,0.609477,0.626775,0.610897,
extra_trees,7,2,32,230,58,0.637931,0.600922,0.609025,0.602227,
extra_trees,7,3,33,230,58,0.637931,0.606682,0.620383,0.6083,
extra_trees,7,4,34,231,57,0.77193,0.756681,0.767373,0.751265,
extra_trees,7,5,35,231,57,0.684211,0.678057,0.684912,0.6778,
extra_trees,8,1,36,230,58,0.637931,0.578078,0.603759,0.590064,
extra_trees,8,2,37,230,58,0.655172,0.647752,0.652916,0.639676,
extra_trees,8,3,38,230,58,0.724138,0.689123,0.707176,0.692308,
extra_trees,8,4,39,231,57,0.719298,0.696348,0.703167,0.6875,
extra_trees,8,5,40,231,57,0.736842,0.716745,0.723516,0.715671,
extra_trees,9,1,41,230,58,0.775862,0.763228,0.771055,0.74359,
extra_trees,9,2,42,230,58,0.741379,0.733728,0.735411,0.717611,
extra_trees,9,3,43,230,58,0.775862,0.760731,0.768642,0.756073,
extra_trees,9,4,44,231,57,0.666667,0.629482,0.645844,0.635881,
extra_trees,9,5,45,231,57,0.666667,0.640399,0.659412,0.637146,
extra_trees,10,1,46,230,58,0.637931,0.60347,0.619729,0.605128,
extra_trees,10,2,47,230,58,0.637931,0.616624,0.626398,0.614372,
extra_trees,10,3,48,230,58,0.689655,0.653157,0.670228,0.659919,
extra_trees,10,4,49,231,57,0.77193,0.759779,0.767223,0.752868,
extra_trees,10,5,50,231,57,0.736842,0.704838,0.712758,0.712804,
cnn_small,1,1,1,230,58,0.344828,0.128205,0.176835,0.25,1.0
cnn_small,1,2,2,230,58,0.327586,0.123377,0.161666,0.25,1.0
cnn_small,1,3,3,230,58,0.327586,0.123377,0.161666,0.25,1.0
cnn_small,1,4,4,231,57,0.333333,0.125,0.166667,0.25,1.0
cnn_small,1,5,5,231,57,0.333333,0.125,0.166667,0.25,1.0
cnn_small,2,1,6,230,58,0.344828,0.128205,0.176835,0.25,1.0
cnn_small,2,2,7,230,58,0.327586,0.123377,0.161666,0.25,1.0
cnn_small,2,3,8,230,58,0.327586,0.123377,0.161666,0.25,1.0
cnn_small,2,4,9,231,57,0.333333,0.125,0.166667,0.25,1.0
cnn_small,2,5,10,231,57,0.333333,0.125,0.166667,0.25,1.0
cnn_small,3,1,11,230,58,0.344828,0.128205,0.176835,0.25,1.0
cnn_small,3,2,12,230,58,0.327586,0.123377,0.161666,0.25,1.0
cnn_small,3,3,13,230,58,0.327586,0.123377,0.161666,0.25,1.0
cnn_small,3,4,14,231,57,0.333333,0.125,0.166667,0.25,1.0
cnn_small,3,5,15,231,57,0.333333,0.125,0.166667,0.25,1.0
cnn_small,4,1,16,230,58,0.344828,0.128205,0.176835,0.25,1.0
cnn_small,4,2,17,230,58,0.327586,0.123377,0.161666,0.25,1.0
cnn_small,4,3,18,230,58,0.327586,0.123377,0.161666,0.25,1.0
cnn_small,4,4,19,231,57,0.333333,0.125,0.166667,0.25,1.0
cnn_small,4,5,20,231,57,0.333333,0.125,0.166667,0.25,1.0
cnn_small,5,1,21,230,58,0.344828,0.128205,0.176835,0.25,1.0
cnn_small,5,2,22,230,58,0.327586,0.123377,0.161666,0.25,1.0
cnn_small,5,3,23,230,58,0.327586,0.123377,0.161666,0.25,1.0
cnn_small,5,4,24,231,57,0.333333,0.125,0.166667,0.25,1.0
cnn_small,5,5,25,231,57,0.333333,0.125,0.166667,0.25,1.0
cnn_small,6,1,26,230,58,0.344828,0.128205,0.176835,0.25,1.0
cnn_small,6,2,27,230,58,0.327586,0.123377,0.161666,0.25,1.0
cnn_small,6,3,28,230,58,0.327586,0.123377,0.161666,0.25,1.0
cnn_small,6,4,29,231,57,0.333333,0.125,0.166667,0.25,1.0
cnn_small,6,5,30,231,57,0.333333,0.125,0.166667,0.25,1.0
cnn_small,7,1,31,230,58,0.344828,0.128205,0.176835,0.25,1.0
cnn_small,7,2,32,230,58,0.327586,0.123377,0.161666,0.25,1.0
cnn_small,7,3,33,230,58,0.327586,0.123377,0.161666,0.25,1.0
cnn_small,7,4,34,231,57,0.333333,0.125,0.166667,0.25,1.0
cnn_small,7,5,35,231,57,0.333333,0.125,0.166667,0.25,1.0
cnn_small,8,1,36,230,58,0.344828,0.128205,0.176835,0.25,1.0
cnn_small,8,2,37,230,58,0.327586,0.123377,0.161666,0.25,1.0
cnn_small,8,3,38,230,58,0.327586,0.123377,0.161666,0.25,1.0
cnn_small,8,4,39,231,57,0.333333,0.125,0.166667,0.25,1.0
cnn_small,8,5,40,231,57,0.333333,0.125,0.166667,0.25,1.0
cnn_small,9,1,41,230,58,0.344828,0.128205,0.176835,0.25,1.0
cnn_small,9,2,42,230,58,0.327586,0.123377,0.161666,0.25,1.0
cnn_small,9,3,43,230,58,0.327586,0.123377,0.161666,0.25,1.0
cnn_small,9,4,44,231,57,0.333333,0.125,0.166667,0.25,1.0
cnn_small,9,5,45,231,57,0.333333,0.125,0.166667,0.25,1.0
cnn_small,10,1,46,230,58,0.344828,0.128205,0.176835,0.25,1.0
cnn_small,10,2,47,230,58,0.327586,0.123377,0.161666,0.25,1.0
cnn_small,10,3,48,230,58,0.327586,0.123377,0.161666,0.25,1.0
cnn_small,10,4,49,231,57,0.333333,0.125,0.166667,0.25,1.0
cnn_small,10,5,50,231,57,0.333333,0.125,0.166667,0.25,1.0
cnn_batchnorm,1,1,1,230,58,0.258621,0.160815,0.144179,0.288462,1.0
cnn_batchnorm,1,2,2,230,58,0.327586,0.123377,0.161666,0.25,2.0
cnn_batchnorm,1,3,3,230,58,0.327586,0.123377,0.161666,0.25,2.0
cnn_batchnorm,1,4,4,231,57,0.333333,0.125,0.166667,0.25,2.0
cnn_batchnorm,1,5,5,231,57,0.333333,0.125,0.166667,0.25,2.0
cnn_batchnorm,2,1,6,230,58,0.344828,0.128205,0.176835,0.25,2.0
cnn_batchnorm,2,2,7,230,58,0.327586,0.123377,0.161666,0.25,2.0
cnn_batchnorm,2,3,8,230,58,0.327586,0.123377,0.161666,0.25,2.0
cnn_batchnorm,2,4,9,231,57,0.333333,0.125,0.166667,0.25,2.0
cnn_batchnorm,2,5,10,231,57,0.333333,0.125,0.166667,0.25,2.0
cnn_batchnorm,3,1,11,230,58,0.344828,0.128205,0.176835,0.25,2.0
cnn_batchnorm,3,2,12,230,58,0.327586,0.123377,0.161666,0.25,2.0
cnn_batchnorm,3,3,13,230,58,0.327586,0.123377,0.161666,0.25,3.0
cnn_batchnorm,3,4,14,231,57,0.333333,0.125,0.166667,0.25,2.0
cnn_batchnorm,3,5,15,231,57,0.333333,0.125,0.166667,0.25,2.0
cnn_batchnorm,4,1,16,230,58,0.344828,0.128205,0.176835,0.25,2.0
cnn_batchnorm,4,2,17,230,58,0.327586,0.123377,0.161666,0.25,1.0
cnn_batchnorm,4,3,18,230,58,0.327586,0.123377,0.161666,0.25,2.0
cnn_batchnorm,4,4,19,231,57,0.333333,0.125,0.166667,0.25,2.0
cnn_batchnorm,4,5,20,231,57,0.210526,0.134226,0.154489,0.188259,3.0
cnn_batchnorm,5,1,21,230,58,0.344828,0.128205,0.176835,0.25,1.0
cnn_batchnorm,5,2,22,230,58,0.327586,0.123377,0.161666,0.25,2.0
cnn_batchnorm,5,3,23,230,58,0.327586,0.123377,0.161666,0.25,1.0
cnn_batchnorm,5,4,24,231,57,0.333333,0.125,0.166667,0.25,2.0
cnn_batchnorm,5,5,25,231,57,0.333333,0.125,0.166667,0.25,1.0
cnn_batchnorm,6,1,26,230,58,0.344828,0.128205,0.176835,0.25,2.0
cnn_batchnorm,6,2,27,230,58,0.327586,0.123377,0.161666,0.25,1.0
cnn_batchnorm,6,3,28,230,58,0.327586,0.123377,0.161666,0.25,1.0
cnn_batchnorm,6,4,29,231,57,0.333333,0.125,0.166667,0.25,2.0
cnn_batchnorm,6,5,30,231,57,0.333333,0.125,0.166667,0.25,2.0
cnn_batchnorm,7,1,31,230,58,0.344828,0.128205,0.176835,0.25,2.0
cnn_batchnorm,7,2,32,230,58,0.327586,0.123377,0.161666,0.25,2.0
cnn_batchnorm,7,3,33,230,58,0.327586,0.123377,0.161666,0.25,1.0
cnn_batchnorm,7,4,34,231,57,0.333333,0.125,0.166667,0.25,2.0
cnn_batchnorm,7,5,35,231,57,0.333333,0.125,0.166667,0.25,1.0
cnn_batchnorm,8,1,36,230,58,0.344828,0.128205,0.176835,0.25,2.0
cnn_batchnorm,8,2,37,230,58,0.362069,0.225,0.253448,0.312753,1.0
cnn_batchnorm,8,3,38,230,58,0.275862,0.136418,0.170797,0.216599,3.0
cnn_batchnorm,8,4,39,231,57,0.333333,0.125,0.166667,0.25,2.0
cnn_batchnorm,8,5,40,231,57,0.333333,0.125,0.166667,0.25,2.0
cnn_batchnorm,9,1,41,230,58,0.344828,0.128205,0.176835,0.25,3.0
cnn_batchnorm,9,2,42,230,58,0.327586,0.123377,0.161666,0.25,2.0
cnn_batchnorm,9,3,43,230,58,0.327586,0.123377,0.161666,0.25,2.0
cnn_batchnorm,9,4,44,231,57,0.333333,0.125,0.166667,0.25,2.0
cnn_batchnorm,9,5,45,231,57,0.333333,0.125,0.166667,0.25,2.0
cnn_batchnorm,10,1,46,230,58,0.344828,0.128205,0.176835,0.25,3.0
cnn_batchnorm,10,2,47,230,58,0.327586,0.123377,0.161666,0.25,2.0
cnn_batchnorm,10,3,48,230,58,0.327586,0.123377,0.161666,0.25,3.0
cnn_batchnorm,10,4,49,231,57,0.333333,0.125,0.166667,0.25,2.0
cnn_batchnorm,10,5,50,231,57,0.333333,0.125,0.166667,0.25,2.0
hybrid_soft_voting,1,1,1,230,58,0.758621,0.746798,0.751316,0.739423,
hybrid_soft_voting,1,2,2,230,58,0.758621,0.747294,0.753732,0.742915,
hybrid_soft_voting,1,3,3,230,58,0.706897,0.702056,0.704665,0.691296,
hybrid_soft_voting,1,4,4,231,57,0.789474,0.767597,0.779252,0.766026,
hybrid_soft_voting,1,5,5,231,57,0.684211,0.662206,0.67926,0.665655,
hybrid_soft_voting,2,1,6,230,58,0.758621,0.735842,0.743053,0.747756,
hybrid_soft_voting,2,2,7,230,58,0.827586,0.820707,0.824476,0.813765,
hybrid_soft_voting,2,3,8,230,58,0.758621,0.750736,0.754743,0.755061,
hybrid_soft_voting,2,4,9,231,57,0.666667,0.659224,0.665357,0.652497,
hybrid_soft_voting,2,5,10,231,57,0.77193,0.76084,0.76751,0.741987,
hybrid_soft_voting,3,1,11,230,58,0.810345,0.796131,0.8053,0.787179,
hybrid_soft_voting,3,2,12,230,58,0.810345,0.782992,0.793412,0.788462,
hybrid_soft_voting,3,3,13,230,58,0.655172,0.626966,0.640268,0.62753,
hybrid_soft_voting,3,4,14,231,57,0.789474,0.780544,0.783904,0.773701,
hybrid_soft_voting,3,5,15,231,57,0.666667,0.652743,0.666239,0.644821,
hybrid_soft_voting,4,1,16,230,58,0.827586,0.820455,0.826019,0.811218,
hybrid_soft_voting,4,2,17,230,58,0.724138,0.711576,0.717902,0.704453,
hybrid_soft_voting,4,3,18,230,58,0.706897,0.692857,0.706968,0.685223,
hybrid_soft_voting,4,4,19,231,57,0.701754,0.677562,0.696322,0.680415,
hybrid_soft_voting,4,5,20,231,57,0.754386,0.733287,0.742448,0.731697,
hybrid_soft_voting,5,1,21,230,58,0.741379,0.725379,0.739681,0.720192,
hybrid_soft_voting,5,2,22,230,58,0.758621,0.748073,0.75443,0.742915,
hybrid_soft_voting,5,3,23,230,58,0.775862,0.764639,0.770995,0.75,
hybrid_soft_voting,5,4,24,231,57,0.719298,0.703675,0.708365,0.708924,
hybrid_soft_voting,5,5,25,231,57,0.719298,0.693945,0.708117,0.688765,
hybrid_soft_voting,6,1,26,230,58,0.810345,0.805522,0.807104,0.807051,
hybrid_soft_voting,6,2,27,230,58,0.689655,0.648142,0.666879,0.665992,
hybrid_soft_voting,6,3,28,230,58,0.741379,0.724967,0.736578,0.717611,
hybrid_soft_voting,6,4,29,231,57,0.807018,0.807122,0.808411,0.788124,
hybrid_soft_voting,6,5,30,231,57,0.77193,0.76049,0.76555,0.751265,
hybrid_soft_voting,7,1,31,230,58,0.758621,0.754063,0.755859,0.73109,
hybrid_soft_voting,7,2,32,230,58,0.775862,0.759772,0.765814,0.756073,
hybrid_soft_voting,7,3,33,230,58,0.689655,0.667735,0.676245,0.659919,
hybrid_soft_voting,7,4,34,231,57,0.684211,0.667547,0.679947,0.67333,
hybrid_soft_voting,7,5,35,231,57,0.807018,0.802118,0.805922,0.80027,
hybrid_soft_voting,8,1,36,230,58,0.775862,0.753831,0.769368,0.750321,
hybrid_soft_voting,8,2,37,230,58,0.689655,0.693212,0.692148,0.684211,
hybrid_soft_voting,8,3,38,230,58,0.810345,0.798519,0.809017,0.794534,
hybrid_soft_voting,8,4,39,231,57,0.789474,0.779644,0.782955,0.766026,
hybrid_soft_voting,8,5,40,231,57,0.77193,0.765533,0.770436,0.757338,
hybrid_soft_voting,9,1,41,230,58,0.810345,0.795815,0.806663,0.783654,
hybrid_soft_voting,9,2,42,230,58,0.810345,0.809437,0.810341,0.794534,
hybrid_soft_voting,9,3,43,230,58,0.758621,0.754095,0.756826,0.748988,
hybrid_soft_voting,9,4,44,231,57,0.736842,0.704471,0.719905,0.714406,
hybrid_soft_voting,9,5,45,231,57,0.719298,0.708485,0.717788,0.704116,
hybrid_soft_voting,10,1,46,230,58,0.689655,0.670491,0.680823,0.666026,
hybrid_soft_voting,10,2,47,230,58,0.741379,0.726227,0.736887,0.723684,
hybrid_soft_voting,10,3,48,230,58,0.810345,0.791689,0.805669,0.788462,
hybrid_soft_voting,10,4,49,231,57,0.807018,0.794472,0.800712,0.792932,
hybrid_soft_voting,10,5,50,231,57,0.842105,0.840122,0.842406,0.835864,
